key,val
original,193
SpaceX,145
launch,96
Falcon,93
Retrieved1,87
first,83
9,75
Space,73
May,71
March,65
2017.,55
February,54
June,49
December,45
2020.,44
Dragon,43
The,41
April,40
1,40
rocket,39
September,39
2021.,38
company,37
July,35
January,34
NASA,34
November,32
August,32
Musk,31
launched,28
satellite,27
test,27
Archived,26
fromthe,25
Starship,24
Starlink,24
commercial,23
space,23
Force,22
million,22
Crew,22
private,21
launches,21
Launch,21
landing,20
2019.,20
originalon,20
development,20
2,20
orbital,20
17,20
October,19
cargo,19
flight,19
SpaceX's,19
contract,19
U.S.,18
new,18
spacecraft,18
SpaceX.,18
billion,17
Musk's,17
article,17
Air,16
20,16
Heavy,16
successfully,16
Elon,16
3,15
TfM›This,15
incorporates,15
text,15
vehicle,15
"source,",15
2018.,15
thepublic,15
also,15
2016.,14
–,14
mission,14
approximately,14
6,14
contracts,14
Retrieved31,14
30,14
announced,13
19,13
12,13
missions,13
used,13
early,13
crew,13
16,13
28,13
theInternational,13
provide,13
companies,13
23,12
awarded,12
since,12
In,12
27,12
7,12
crewed,12
facility,11
stage,11
three,11
Los,11
one,11
Earth,11
would,11
21,11
engine,11
satellites,11
New,10
two,10
"March2017.^""SpaceX",10
22,10
Flight,10
Commercial,10
dead,10
13,10
ISS,10
18,10
send,10
Spaceflight,10
spaceport,10
rockets,10
reusable,9
Eric,9
4,9
Test,9
"2020,",9
cost,9
drone,9
successful,9
Retrieved2,9
26,9
2020.Archivedfrom,9
constellation,9
astronauts,9
States,9
"2019,",9
Retrieved16,9
orbit,8
second,8
2020,8
Times.Archivedfrom,8
total,8
use,8
Angeles,8
"9,",8
Retrieved21,8
Boring,8
"identifiers"",""Articles",8
articles,8
following,8
"2015,",8
2019.Archivedfrom,8
identifiersArticles,8
part,8
11,8
based,8
"2021,",8
equity,8
additional,8
SpaceNews.Archivedfrom,8
station,8
valuation,8
develop,8
flights,8
transport,8
York,7
29,7
Rocket,7
5,7
nearly,7
Texas,7
p.,7
booster,7
International,7
began,7
Retrieved17,7
(4,7
operated,7
large,7
"orbit,",7
31,7
internet,7
Exploration,7
market,7
(27,7
American,7
2012.,7
"SpaceX,",7
global,7
(21,7
&,7
"2012,",7
developed,7
Retrieved29,7
using,7
2011.,7
United,7
SpaceNews.,7
XL,6
"2016).""SpaceX",6
time,6
Station,6
vehicles,6
"2021).""SpaceX",6
Retrieved3,6
privately,6
achieved,6
operates,6
could,6
costs,6
business,6
manufacturing,6
Canaveral,6
Mars,6
plans,6
"Dragon,",6
site,6
program,6
theDragon,6
developing,6
(15,6
2015.,6
national,6
service,6
funding,6
10,6
8,6
security,6
Technologies,6
system,6
News.Archivedfrom,6
.citation,6
For,6
testing,6
Greater,6
Retrieved28,6
Complex,6
de,6
established,6
containing,6
(25,6
2019,6
raised,6
number,6
"2017,",6
reused,6
external,6
Company.,6
Morrow,6
(2021).Liftoff.William,6
1em,6
worth,6
0.4em,6
2016,6
15,6
CRS,6
Development,6
payload,5
2017,5
Michael,5
"a,.mw-parser-output",5
All,5
another,5
achievements,5
estimated,5
Services,5
2008.,5
aerospace,5
started,5
recovery,5
(16,5
NASA.Archivedfrom,5
2015,5
Selding,5
(22,5
(20,5
It,5
reuse,5
"time,",5
As,5
engines,5
0.4em}.mw-parser-output,5
Retrieved22,5
technology,5
Retrieved20,5
|,5
2013.,5
late,5
Business,5
December2020.‹See,5
2014.,5
article:SpaceX,5
operational,5
series,5
Orbital,5
original(PDF)on,5
(2,5
ULA,5
Demo,5
become,5
25,5
This,5
/,5
around,5
theWayback,5
B.,5
resupply,5
Gateway,5
several,5
"Musk,",5
competition,5
Block,5
"missions,",5
wins,5
largest,5
four,5
"2018,",5
(19,5
Retrieved15,5
construction,4
Resupply,4
low,4
Atlantic,4
return,4
"facility,",4
allowed,4
monopoly,4
Now.Archivedfrom,4
"launches,",4
major,4
10%,4
Retrieved30,4
Hyperloop,4
held,4
operation,4
conducted,4
Retrieved4,4
Notice,4
D:,4
year,4
Security,4
support,4
Logistics,4
Act,4
capable,4
orbits.,4
Internet,4
escape,4
delivering,4
lb),4
set,4
production,4
"flight,",4
pricing,4
designed,4
2010,4
"spacecraft,",4
Transportation,4
launching,4
certified,4
conduct,4
payloads,4
theUnited,4
Cape,4
aFalcon,4
design,4
"company,",4
services,4
supplies,4
McGregor,4
March2017.‹See,4
Retrieved6,4
2012,4
times,4
"million,",4
COTS,4
purchase,4
Tesla,4
2019First,4
Hawthorne,4
returned,4
NASA's,4
2006,4
abort,4
six,4
Retrieved11,4
Missile,4
"2016,",4
0.1em,4
theFalcon,4
"2014).""SpaceX",4
National,4
Popular,4
spaceflight,4
Retrieved14,4
potentially,4
Technica.Archivedfrom,4
Musk:,4
fully,4
2014,4
Mission,4
GPS,4
(9,4
Retrieved5,4
Future,4
Belfiore,4
(30,4
2018,4
24,4
reach,4
"2020).""SpaceX",4
"launch,",4
no-repeat}.mw-parser-output,4
Space.com.,4
dated,4
14,4
(17,4
(10,4
NASA.,4
transportation,4
Journal.Archivedfrom,4
record,4
"2016).""Elon",4
liquid-fueled,3
world's,3
California,3
Of,3
least,3
end,3
transfer,3
Co.,3
launches.,3
2017.Archivedfrom,3
put,3
$100,3
demonstration,3
2008,3
purchased,3
California.,3
many,3
docked,3
last,3
ServicesCommercial,3
even,3
(18,3
"March2017.^""NASA",3
oil,3
km,3
company's,3
final,3
lower,3
orbital-class,3
President,3
"vehicle,",3
"1,",3
"County,",3
(13,3
Most,3
stated,3
single,3
No.,3
"inHawthorne,",3
vehicle.,3
reached,3
first-stage,3
ten,3
"SpaceX"".",3
2018.Archivedfrom,3
Now.,3
"March2017.^""Falcon",3
aimed,3
research,3
office,3
rocket's,3
Its,3
Petersen,3
March2017.[permanent,3
Million,3
Form,3
March2017.^Peter,3
"2010,",3
"program,",3
"2011,",3
related,3
static,3
million.,3
Gwynne,3
To,3
Research,3
solid,3
2017First,3
history,3
capabilities,3
training,3
Success,3
Historic,3
Billion,3
(12,3
modified,3
"launch"".",3
"contract,",3
Press,3
CNBC.Archivedfrom,3
kg,3
"land,",3
power,3
Merlin,3
larger,3
resources,3
From,3
"rocket,",3
TechCrunch.Archivedfrom,3
center/9px,3
deliver,3
nine,3
almost,3
planned,3
Shotwell,3
(5,3
(26,3
"crew,",3
(24,3
Pod,3
articles:SpaceX,3
"test,",3
Chairman,3
former,3
Washington,3
"Tesla,",3
"2015).""SpaceX",3
CEO,3
SuperDraco,3
like,3
(8,3
A,3
retired,3
built,3
stages,3
"2014,",3
City,3
Lunar,3
initial,3
stands,3
manifest,3
made,3
all-civilian,3
Retrieved19,3
Aviation,3
sq,3
extended,3
ft,3
short,3
"4,425",3
m2),3
vertical,3
headquarters,3
subsidies,3
completed,3
Jonathan,3
supply,3
recover,3
Systems,3
US$12,3
building,3
public,3
(14,3
User's,3
Satellite,3
(Falcon,3
"Chica,",3
share,3
making,3
fire,3
(28,3
indicated,3
customers,3
intended,3
fly,3
links,3
X,3
Docks,3
propellant,3
ever,3
Mechanics.Archivedfrom,3
"Starship,",3
became,3
status,3
caused,3
explosion,3
maint:,3
SpaceX.Archivedfrom,3
service.,3
Jeff,3
broke,3
went,3
refurbishment,3
future,3
bot:,3
URL,3
With,3
2012.Archivedfrom,3
(3,3
thus,3
brightness,3
may,3
provider,3
2021,3
CNN.Archivedfrom,3
Google,3
South,3
work,3
release).,3
Retrieved8,3
"Securities"".sec.gov.",3
cut,3
Street,3
employees,3
military,3
Texas.,3
"2012).""Elon",3
Contract,3
Offering,3
60,3
That,3
berthed,3
Exempt,3
soon,3
goal,3
By,3
located,3
big,3
build,3
Cargo,2
Crew-2,2
Spaceship,2
ignited,2
concepts,2
Next,2
per,2
five,2
upon,2
value,2
Three,2
kilograms,2
considered,2
placing,2
recent,2
Executive,2
TheFalcon,2
vehiclecapable,2
Nearly,2
2016.Archivedfrom,2
stage.,2
Bloomberg.Archivedfrom,2
2011,2
Irene,2
ship,2
Week,2
finally,2
toFalcon,2
IPO,2
restructuring,2
dollar,2
On,2
Billionaire,2
deployment,2
price,2
batch,2
Corp.,2
"2,",2
Retrieved10,2
exploded,2
fill,2
"Station"".",2
leaving,2
Build,2
Vice,2
verified,2
Company,2
Hans,2
soil,2
Center,2
2009.,2
news,2
Master,2
manufacture,2
March2017.^Michael,2
J.,2
Frontier,2
6%,2
combustion,2
staged,2
dock,2
dream,2
autonomously,2
less,2
Announces,2
"2015).""Elon",2
awards,2
Reaches,2
William,2
reflight,2
pp.,2
continue,2
Sky,2
orbit.[85]Falcon,2
lay,2
workforce,2
funded,2
Orange,2
2007.,2
result,2
prototypes,2
order,2
Is,2
fairing,2
Committee,2
small,2
.reflist-columns,2
1was,2
"2013).""SpaceX",2
Cloud,2
vehicles.,2
World's,2
finance,2
included,2
(1,2
Chow,2
industry.,2
2010.Archivedfrom,2
Assessment,2
West,2
Bergin,2
Retrieved24,2
NASASpaceFlight.com.Archivedfrom,2
leading,2
security',2
'national,2
AmericaSpace.,2
formed,2
maiden,2
COO,2
Market,2
2021First,2
adjacent,2
Magazine.Archivedfrom,2
humans,2
2020First,2
2021.Archivedfrom,2
reaches,2
comes,2
radio,2
Retrieved18,2
Jackie,2
"Additionally,",2
"2019).""SpaceX",2
"2019).""After",2
Dragon's,2
track,2
near,2
delivery,2
Phase,2
Completes,2
creation,2
"February2019.^""SpaceX",2
COVID-19,2
article:Commercial,2
"inRedmond,",2
"Washington,",2
"sites,",2
"Texas,",2
facilitiesFalcon,2
Headquarters,2
Station(ISS),2
Awards,2
Enterprise,2
cloud,2
moon,2
"Machine,",2
passenger,2
CNET.Archivedfrom,2
wants,2
cost.,2
Private,2
contracted,2
"March2018.^""SpaceX",2
long-term,2
commercially,2
"1,100",2
data,2
"Mars,",2
allow,2
aboard,2
Communications,2
communications,2
"Inc.,",2
rural,2
bring,2
"15,",2
Wall,2
Payload,2
Vehicle,2
Propulsion,2
place,2
"2021).""Elon",2
Thomas,2
"Base,",2
subsequently,2
"nearBrownsville,",2
(29,2
Vandenberg,2
enables,2
orbits,2
inclination,2
Retrieved25,2
"testing,",2
signed,2
adds,2
Chang,2
deal,2
March2017.^Kenneth,2
"2020).""SpaceX's",2
Teslarati.Archivedfrom,2
Zone,2
"rocket"".",2
Retrieved12,2
Pad,2
Boca,2
"2019).""The",2
much,2
$36,2
CNBC.,2
"8,000",2
"2019).""Air",2
Sandra,2
acquired,2
2015.Archivedfrom,2
"Missions"".",2
"suppliers,",2
facilitiesMain,2
theSpaceX,2
raises,2
facilities,2
Astronauts,2
"Overview"".",2
"June2021.^""SpaceX",2
Steve,2
seven,2
publicly,2
ramping,2
Paul,2
addition,2
Put,2
interplanetary,2
Satellites,2
lbf),2
capability,2
family,2
"stage,",2
earlier,2
reveals,2
A.;,2
high,2
Each,2
Berger,2
Draco,2
Matthew,2
systemof,2
perform,2
secured,2
traditional,2
"Kang,",2
40%,2
Darrell,2
Alliance(ULA),2
Post.Archivedfrom,2
remained,2
Raptor,2
behalf,2
control,2
continues,2
resulting,2
theAriane,2
"format,",2
uses,2
cores,2
flew,2
inaugural,2
"mission"".",2
Inspiration4,2
(11,2
"COO,",2
"Shotwell,",2
thereaction,2
full,2
"addition,",2
prototype,2
"2012).""Inside",2
We,2
Facility,2
"inMcGregor,",2
Week.Archivedfrom,2
Exchange,2
Securities,2
altitude,2
classified,2
NASASpaceFlight.com.,2
astronaut,2
Stationwith,2
theCrew,2
crews,2
fired,2
flying,2
prior,2
Abort,2
Times.,2
returns,2
Data,2
permit,2
Could,2
complete,2
floating,2
rigs,2
link]^SpaceX,2
Tim,2
ISS.,2
option,2
Super,2
Cost,2
"Heavy,",2
makes,2
Verge.Archivedfrom,2
Clark,2
"2019).""SpaceX's",2
"failure"".",2
9launch,2
"cargo,",2
currently,2
known,2
Program,2
configuration,2
tolow,2
lands,2
100th,2
redesigned,2
Here's,2
Silicon,2
revealed,2
top,2
"2016"".",2
Gatewayspace,2
(6,2
vows,2
members,2
says,2
latest,2
J.;,2
accessed,2
look,2
line,2
0,2
.mw-parser-output,2
uncrewed,2
0}.mw-parser-output,2
key,2
0;line-height:1.2em}.mw-parser-output,2
"firm,",2
".sidebar-above,.mw-parser-output",2
.sidebar-collapse,2
issued,2
every,2
"Bezos,",2
Commons,2
Quest,2
cultureElon,2
Who,2
Fell,2
Crewcoo's,2
Services(COTS),2
theCommercial,2
lift,2
2005,2
.navbar,2
decided,2
$1,2
decade,2
changesUpload,2
"fund"".",2
free,2
dominated,2
FORM,2
European,2
Arianespace,2
competed,2
openly,2
customer,2
"Foundation,",2
"California,",2
HQ,2
"Musk"".tesla.com.Archivedfrom",2
"December2020.^""SEC",2
carrying,2
tests,2
years,2
landings,2
reusability,2
﻿33.9207°N,2
118.3278°W﻿,2
/33.9207;,2
investors,2
peopleElon,2
instead,2
originally,2
broadband,2
going,2
rapid,2
US$100,2
Reusability,2
Solar,2
Leading,2
"Starlink,",2
firstorbital,2
"manufacturing,",2
denotes,2
decrease,2
take,2
"employees,",2
ocean,2
approved,2
project,2
land,2
personally,2
Digital,2
"2005,",2
attempt,2
invited,2
CTO,2
"2002,",2
affordable,2
human-rated,2
capacity,2
highest,2
existing,2
capsule,2
1Falcon,2
focus,2
headquartered,2
reducing,2
manufactures,2
9andFalcon,2
Island,2
include,2
reportedly,2
flown,2
financing,2
ended,2
These,2
hundred,2
resulted,2
"2008,",2
suitable,2
US,2
named,2
heavy-lift,2
Department,2
primary,2
US$1,2
Roadster,2
venture,2
Wikipedia,2
2.55%,2
infobox,2
trading,2
dates,2
English,2
statements,2
category,2
due,2
NKC,2
strut,2
template,2
wayback,2
minutes,2
LCCN,2
federal,2
steel,2
link,2
incorporating,2
written,2
PD-notice,2
GND,2
video,2
dmy,2
permanently,2
ISNI,2
establishments,2
failed,2
BIBSYS,2
government,2
VIAF,2
WORLDCATID,2
description,2
pages,2
semi-protected,2
NLI,2
matches,2
"August2020.^Wattles,",1
enticing,1
"answered"".indianexpress.com.",1
Planetary,1
projectVirgin,1
CompanySpaceX#dearMoon,1
"June2020.^""Elon",1
space.com.,1
May2021.^abStephen,1
61.808,1
AdventuresThe,1
questions,1
Fortune,1
sector,1
$1.9,1
"funding"".Reuters.",1
CorporationSpace,1
SpaceBigelow,1
"Jackie.""SpaceX",1
trip,1
"2008).""Sweet",1
AstronautsAstronaute,1
Autonomous,1
"Orbit,",1
SocietyNASANational,1
Launching,1
Era,1
shuttles,1
launch:,1
"retired"".The",1
SocietySpaceXThe,1
"May2020.^Wattles,",1
"CNN"".",1
"May2020.^""SpaceX-NASA",1
Demo-2,1
GalacticARCAAssociation,1
His,1
$46,1
"connectivity"".CNBC.Archivedfrom",1
checks,1
"billion"".CNBC.Archivedfrom",1
tourismOrganizationsActiveAxiom,1
"February2021.^abFoust,",1
"March2021.^abHoffman,",1
VenturesOrbital,1
Aerospace,1
D&SMojave,1
OriginAirbus,1
"round"".SpaceNews.Archivedfrom",1
"'unicorn'"".",1
99th,1
"April2021.^Novet,",1
USAtoday.com.Archivedfrom,1
Ralph,1
Jordan,1
May2021.^Eric,1
"2021).""Google",1
AerospaceBlue,1
$74,1
jumping,1
TechnologiesPDASRedwireSierra,1
$850,1
CNN,1
Betting,1
landing),1
"frontier"".",1
(and,1
liftoff,1
Business.Archivedfrom,1
"2007).""Elon",1
"August2020.^abSheetz,",1
10th,1
Nevada,1
"August2020.^""SpaceX",1
SocietyvteSpace,1
Club,1
"[updated]"".",1
"Template:Official_URL"",""",1
Carl,1
61.06%,1
SuborbitalsSpace,1
EuropéenCommercial,1
Underground,1
spaceSpace,1
"February2019.^abCopeland,",1
Rob,1
"2018).""Elon",1
spaceCommercialization,1
Faced,1
Questions,1
Over,1
Financial,1
"Ties"".The",1
IIIStarlinerStarshipLiving,1
GlennSpaceShip,1
ShepardSpaceShipTwoFutureNew,1
December2018.When,1
spun,1
90%,1
Mr.,1
rest,1
employees...,1
given,1
compensation,1
"Tunnel"".cbslocal.com.",1
colonizationSpace,1
"stock,",1
Revealed,1
spaceplaneSpace,1
Community,1
"Department,",1
"Hawthorne,",1
Accessed,1
"13,",1
"2018^Nelson,",1
Laura,1
"2017).""Elon",1
tunneling,1
stationSuborbital,1
dig,1
"L.A.""Los",1
Retrieved13,1
"September2018.^""Nothing",1
"""Boring""",1
medicineSpace,1
About,1
Newly,1
2.61%,1
habitatSpace,1
help...,1
"""based",1
Lifts,1
Spike,1
AerospaceGolden,1
valuing,1
SocietyDefunctArmadillo,1
"billion"".",1
"May2020.^""SpaceX",1
rises,1
$33.3,1
"opportunity"".",1
Tourism,1
FoundationSpace,1
"June2019.^Cao,",1
Sissi,1
"2020).""As",1
"Valuation,",1
Last,1
Clarifies,1
"Rumors"".",1
Observer.Archivedfrom,1
"May2020.^abChang,",1
FederationCopenhagen,1
Kenneth,1
$250,1
raise,1
contributed,1
looking,1
"company"".^Wattles,",1
"Orbit"".Wired",1
2New,1
"workers"".",1
AerospaceVehiclesCurrentSoyuzDragon,1
Project)XCOR,1
"2019.^abPatel,",1
Group(Space,1
"Neel.""SpaceX",1
Earth's,1
biggest,1
"network"".",1
MIT,1
Beyond,1
ToursSpace,1
Technology,1
Review.Archivedfrom,1
Retrieved9,1
"January2020.^Sheetz,",1
SpanRocketShip,1
CompanyOrion,1
targetsMarsVenusOrganizationsMars,1
Capsule,1
"Rocket"".",1
physics,1
"Counter"".Archivedfrom",1
"June2021.^abO'Callaghan,",1
serviceBroadcast,1
audio,1
(31,1
radio/TVDVB-SHS-DMBDVB-RCSDVB-S2DVB-S2XISDB-S3Digital,1
terminalSatellite,1
unitSpacebusVery-small-aperture,1
wild,1
"projects""},""publisher"":{""@type"":""Organization"",""name"":""Wikimedia",1
methane-guzzling,1
companiesAstra,1
"super-rocket"".Wired",1
modemSatellite,1
UK.Archivedfrom,1
"April2021.^ab""Falcon",1
"Kit""(PDF).",1
"September2008.^ab""Falcon",1
phoneSatellite,1
antennas)Satellite,1
dish(Parabolic,1
"Guide,",1
"June2021.^""Total",1
"Summary"".Archivedfrom",1
spaceTerraforming,1
USAF.,1
HoldingsSky,1
"Template:Navbox""]},""scribunto"":{""limitreport-timeusage"":{""value"":""1.421"",""limit"":""10.000""},""limitreport-memusage"":{""value"":15662315,""limit"":52428800},""limitreport-profile"":[[""?"",""220"",""14.3""],[""recursiveClone",1
January2013.^spacexcmsadmin,1
"2012).""Falcon",1
"Heavy"".",1
"April2017.^ab""Air",1
"\u003CmwInit.lua:41\u003E"",""180"",""11.7""],[""\u003Cmw.lua:690\u003E"",""120"",""7.8""],[""coins_cleanup",1
Force's,1
Certifies,1
XM,1
NetworkSirius,1
Missions,1
"\u003CModule:Citation/CS1/COinS:132\u003E"",""80"",""5.2""],[""dataWrapper",1
"domain.^Erwin,",1
"\u003Cmw.lua:668\u003E"",""80"",""5.2""],[""Scribunto_LuaSandboxCallback::callParserFunction"",""80"",""5.2""],[""type"",""60"",""3.9""],[""Scribunto_LuaSandboxCallback::match"",""60"",""3.9""],[""tostring"",""60"",""3.9""],[""Scribunto_LuaSandboxCallback::anchorEncode"",""40"",""2.6""],[""[others]"",""560"",""36.4""]]},""cachereport"":{""origin"":""mw1429"",""timestamp"":""20211003155234"",""ttl"":1814400,""transientcontent"":false}}});});{""@context"":""https:\/\/schema.org"",""@type"":""Article"",""name"":""SpaceX"",""url"":""https:\/\/en.wikipedia.org\/wiki\/SpaceX"",""sameAs"":""http:\/\/www.wikidata.org\/entity\/Q193701"",""mainEntity"":""http:\/\/www.wikidata.org\/entity\/Q193701"",""author"":{""@type"":""Organization"",""name"":""Contributors",1
RadioDirecTVDish,1
needed,1
Wikimedia,1
meet,1
required,1
"orbits"".",1
"September2019.^""SpaceX",1
"2009""(PDF).",1
"March2017.^Bergin,",1
Chris,1
accessAmateur,1
satelliteTransponderCarriage,1
"2020^Berger,",1
"(link)^""SpaceX",1
satelliteRelay,1
stationHigh-throughput,1
satelliteGround,1
Thruster,1
Performs,1
Long-Duration,1
Firing,1
"Restart""(Press",1
lifts,1
radioSatellite,1
"March2017.^Colangelo,",1
televisionSatellite,1
"Anthony.""Farewell,",1
articlesSatellite,1
Red,1
"Dragon"".Main",1
Engine,1
Cut,1
Off.Archivedfrom,1
unknown,1
June2021.CS1,1
"Kestrel"".",1
disputeHardwareSAT>IPMonoblock,1
lid,1
dishMulti-satelliteSatellite,1
V2,1
"spacecraft"".NASAspaceflight.com.Archivedfrom",1
"May2014.^""Falcon",1
"Guide""(PDF).",1
"February2019.^Fischer,",1
Dave,1
(August,1
"2010).""Pintle",1
DishMotor-driven,1
Injector,1
Tracking,1
"Engines"".National",1
"Inc."",""logo"":{""@type"":""ImageObject"",""url"":""https:\/\/www.wikimedia.org\/static\/images\/wmf-hor-googpub.png""}},""datePublished"":""2004-07-16T17:12:15Z"",""dateModified"":""2021-09-29T09:20:56Z"",""image"":""https:\/\/upload.wikimedia.org\/wikipedia\/commons\/e\/ee\/Iridium-4_Mission_%2825557986177%29.jpg"",""headline"":""American",1
LNBDiSEqCUSALSAutomatic,1
Society,1
Blog.,1
Society.Archivedfrom,1
"August2013.^""Encyclopedia",1
Astronautica,1
Watch.Archivedfrom,1
UKViasat[Nordics]1worldspaceRelay,1
NewSpace,1
Chica,1
"2016).""Zuma",1
cylinderO'Neill,1
RingMcKendree,1
habitatsBishop,1
habitatTerraformingSpace,1
"June2017.^Burghardt,",1
"Template:Sidebar"",""",1
"2019).""Starhopper",1
conducts,1
debut,1
"Hop"".NASASpaceFlight.com.Archivedfrom",1
travelIntergalactic,1
"January2021.^""SpaceX",1
survivalSpace,1
"Launches"".The",1
habitabilitySpace,1
"May2020.^""SpaceX's",1
60.397,1
1st,1
docks,1
historic,1
travelPlanetary,1
cylinderStanford,1
May2017.^spacexcmsadmin,1
Fortune.com.Archivedfrom,1
"December2012.^Maney,",1
objectsFree,1
SystemEuropaTitanTrans-Neptunian,1
"2012).""Space",1
"11,",1
SystemVenusMarsMoonOuter,1
60.464,1
"Station"".The",1
"2005).""Private",1
Kevin,1
"May2012.^""SpaceX,",1
Another,1
"First,",1
Recovers,1
US$6,1
pointsInner,1
Nose,1
Cone,1
Reused,1
"9"".",1
targetsAsteroidsminingLagrange,1
torusColonization,1
"rendezvous"".",1
"June2020.^Hennessy,",1
companiesEchoStarEutelsatGlobalstarHughesInmarsatIntelsatIntersputnikIridiumSED,1
“Blocks”.,1
GrummanSpaceXSSLThales,1
February2021.The,1
v1.2,1
constantly,1
MartinNorthrop,1
improved,1
different,1
manufacturersAirbusBoeingINVAPLockheed,1
States]Satellite,1
sub-versions,1
"design,",1
spaceflightInterstellar,1
referred,1
1.,1
largely,1
stayed,1
"variant.^""Falcon",1
March2017.^Clark,1
Lindsey,1
SystemsSESTelesatToowayTurksatViasat[United,1
"2013).""NewSpace",1
"2013"".",1
"Heavy"".Archivedfrom",1
Alenia,1
"22.ISBN978-0-06-297997-1.^""Space",1
"September2021.^ab""Falcon",1
conceptsInterplanetary,1
cosmic,1
rideshare,1
"program"".NBC",1
Retrieved26,1
"January2021.^Dent,",1
colonizationCore,1
companiesCategoryCommonsvteSpace,1
communication,1
cleared,1
"missions"".Archivedfrom",1
firstsList,1
RadioListsList,1
"spaceflight"".NBC.Archivedfrom",1
SystemsETSI,1
"Corporation"".",1
"September2021.^Gorman,",1
"Steve.""SpaceX",1
organizationsConsultative,1
SpaceTrade,1
"safely"".REUTERS.Archivedfrom",1
Planning,1
PrizeGoogle,1
competitionsAmerica's,1
hereRelated,1
"Template:Infobox_company"",""",1
Reliability,1
pagesPermanent,1
"(SpaceX)""(PDF).",1
fileSpecial,1
2018.^Caleb,1
Melby,1
8.21%,1
"2012).""How",1
Became,1
fileToolsWhat,1
single-minded,1
Twice,1
"Over"".Forbes.Archivedfrom",1
"March2017.^""Elon",1
215.ISBN978-0-06-297997-1.^Michael,1
Anticipates,1
"costs.^Berger,",1
Third,1
portalRecent,1
editCommunity,1
Years,1
"President,",1
210.904,1
Koeningsmann,1
Dr.,1
"Dragons"".",1
"2005).""Race",1
Space.com.Archivedfrom,1
June2017.^Denise,1
"2011).""Private",1
IndonesiaInterlingueÍslenskaItalianoעבריתქართულიҚазақшаKurdîКыргызчаLatviešuLëtzebuergeschLietuviųLimburgsMagyarമലയാളംमराठीმარგალურიBahasa,1
Builders,1
Split,1
CommonsWikinewsWikiquoteLanguagesAfrikaansالعربيةAragonésAsturianuAzərbaycancaتۆرکجهবাংলাBân-lâm-gúБеларускаяभोजपुरीБългарскиCatalàЧӑвашлаČeštinaChi-ChewaCymraegDanskDeutschEestiΕλληνικάEspañolEsperantoEuskaraفارسیFrançaisGaeilge한국어Հայերենहिन्दीHrvatskiBahasa,1
$270,1
projectsWikimedia,1
"Funds"".",1
versionIn,1
PDFPrintable,1
"March2017.^Koenigsmann,",1
itemPrint/exportDownload,1
pageWikidata,1
informationCite,1
8.91%,1
"2018).""Statement",1
linkPage,1
"SpaceX"".Bloomberg.com.",1
$390,1
Bloomberg.,1
Double,1
Secondary,1
Value,1
Following,1
accountLog,1
inTalkContributionsCreate,1
"Station"".privco.com.",1
March2017.^Ricardo,1
Bilton,1
logged,1
"2012).""SpaceX's",1
skyrockets,1
US$4.8,1
toolsNot,1
VentureBeat.Archivedfrom,1
overview,1
"secondmarket"".",1
SecondMarket.,1
"2012.^abFernholz,",1
menuPersonal,1
"Tim.""The",1
visual,1
Pre-Mission,1
"$20/Share,",1
usDonateContributeHelpLearn,1
inNamespacesArticleTalkVariantsexpandedcollapsedViewsReadView,1
March2017.^Jane,1
Watts,1
WikipediaContact,1
Why,1
Has,1
Right,1
Stuff,1
Win,1
"Race"".",1
articleAbout,1
March2017.^abCanadian,1
eventsRandom,1
"2012).""Private",1
blasts,1
pageContentsCurrent,1
historyMoreexpandedcollapsedSearchNavigationMain,1
CBC,1
"March2017.^""Privately-held",1
Worth,1
sourceView,1
$2.4,1
MelayuМонголNederlandsनेपाली日本語Norsk,1
bokmålNorsk,1
"Template:Cite_news"",""",1
Aug,1
WikipediaDisclaimersContact,1
839.829,1
166,1
"178–182.ISBN978-0-06-297997-1.^Berger,",1
"partners"".",1
"216.ISBN978-0-06-297997-1.^Berger,",1
"217–221.ISBN978-0-06-297997-1.^Graham,",1
selects,1
policyAbout,1
organization.Privacy,1
"2017).""SpaceX",1
50,1
non-profit,1
taming,1
achieving,1
cadence,1
"Template:Cite_web"",""",1
theWikimedia,1
Wired.,1
trademark,1
"9"".NASASpaceFlight.com.Archivedfrom",1
"18.^Berger,",1
35.48%,1
registered,1
"Technology,18–25",1
But,1
2366.893,1
1445.218,1
Loses,1
Control,1
Destroyed,1
"statement(RLQ=window.RLQ||[]).push(function(){mw.config.set({""wgPageParseReport"":{""limitreport"":{""cputime"":""2.602"",""walltime"":""2.889"",""ppvisitednodes"":{""value"":15745,""limit"":1000000},""postexpandincludesize"":{""value"":639165,""limit"":2097152},""templateargumentsize"":{""value"":16999,""limit"":2097152},""expansiondepth"":{""value"":21,""limit"":40},""expensivefunctioncount"":{""value"":21,""limit"":500},""unstrip-depth"":{""value"":1,""limit"":20},""unstrip-size"":{""value"":807699,""limit"":5000000},""entityaccesscount"":{""value"":1,""limit"":400},""timingprofile"":[""100.00%",1
"Re-Entry"".",1
Satnews.com.,1
viewDevelopersStatisticsCookie,1
WikipediaMobile,1
2007.^Graham,1
Warwick,1
2006.Archivedfrom,1
Guy,1
"Norris,",1
"""Blue",1
"Template:Reflist"",""",1
Thinking:,1
DARPA,1
"50,""Aviation",1
9.00%,1
Wikipedia®,1
"2010).""Q",1
License;,1
theCreative,1
available,1
09:20(UTC).Text,1
edited,1
"domain.^ab""Private",1
page,1
capsule's,1
linksThis,1
voyage,1
ends,1
"splash"".BBC",1
48,1
News.,1
Việt吴语Yorùbá粵語Žemaitėška中文Edit,1
UyghurcheTiếng,1
српскохрватскиSuomiSvenskaTagalogதமிழ்ไทยTürkçeУкраїнськаئۇيغۇرچە,1
srpskiSrpskohrvatski,1
March2017.^Denise,1
EnglishSlovenčinaSlovenščinaکوردیСрпски,1
SimiРусскийScotsShqipSimple,1
nynorskOccitanOʻzbekcha/ўзбекчаPolskiPortuguêsRomânăRuna,1
Attribution-ShareAlike,1
213.075,1
Policy.,1
June2017.‹See,1
"March2021.^Berger,",1
UseandPrivacy,1
"222.ISBN978-0-06-297997-1.^David,",1
"Leonard.""SpaceX",1
tackles,1
heavy,1
"Ignites"".",1
"vehicle"".MSNBC.",1
NBC,1
Prize,1
theTerms,1
March2021.^abDavid,1
agree,1
Frankel,1
"site,",1
"2010).""Minutes",1
NAC,1
"Committee""(PDF).",1
NASA.Archived(PDF)from,1
apply.,1
terms,1
clipsNavigation,1
pursuit,1
BillArchived24,1
"Updates"".",1
Sentinel.Archivedfrom,1
194.394,1
March2017.^Loren,1
Grush,1
missiondearMoonRelatedAxiom,1
knows,1
Adventures,1
StibbeMissionsPlannedAxiom-1Space,1
PathyEytan,1
"March2017.^""Anomaly",1
"March2017.^ab""Elon",1
"reusability"".Quartz.Archivedfrom",1
performs,1
'flight-proven',1
ConnorMark,1
"rocket"".The",1
HiranoLarry,1
MaezawaYozo,1
recycled,1
PeresildYusaku,1
"Systems""(PDF).nasa.gov.",1
ShipenkoYulia,1
"aftermath"".Orlando",1
SegmentTourism,1
rebuild,1
40.Archived(PDF)from,1
portalAuthority,1
"2016).""SpaceX's",1
portalCompanies,1
"inquiry,",1
discounts,1
portalLos,1
Valley's,1
test-and-fail,1
"ethos"".",1
March2017.^Calandrelli,1
"E,",1
Escher,1
portalRocketry,1
"2016).""The",1
portalAstronomy,1
events,1
happened,1
portalStars,1
MoonSpaceflight,1
March2017.^Marco,1
Santana,1
"rocket"".NBC",1
Now,1
"Template:Infobox"",""",1
July2018.^spacexcmsadmin,1
"March2018.^abc""Company",1
touristsPastDennis,1
"March2017.^Hughes,",1
competitionsSpace,1
elevator,1
PrizeSpace,1
"Template:Elon_Musk_series"",""",1
"2017).""Statement",1
"March2014.^""Commercial",1
Hughes,1
Senior,1
"-total"",""",1
Global,1
Government,1
Affairs,1
"(SpaceX)""(PDF).Archived(PDF)from",1
2017.^Agenda,1
Item,1
PrizeAnsari,1
"Council,",1
Agenda,1
"2012).""Company"".",1
TitoMark,1
2.67%,1
ShuttleworthGregory,1
One,1
SembroskiPlannedKlim,1
Valuable,1
Privately,1
Held,1
ArceneauxChristopher,1
"Companies"".The",1
ProctorHayley,1
63.291,1
IsaacmanSian,1
DaemenJared,1
LalibertéOliver,1
GarriottGuy,1
"November2017.^""As",1
steamroller,1
"surges,",1
SimonyiRichard,1
AnsariCharles,1
industry,1
OlsenAnousheh,1
"resist"".",1
March2021.^Peter,1
"ship"".CNBC.Archivedfrom",1
controlGeneralIntegrated,1
WikidataWikipedia,1
"2014).""Satellite",1
unknownArticles,1
Operators,1
ESA,1
Reduction,1
Ariane,1
"Costs"".",1
linksCS1,1
$90,1
link]^Melody,1
2021Articles,1
linksArticles,1
upset,1
firm's,1
templateAll,1
"satellites"".The",1
linksWikipedia,1
"March2017.^""Air",1
budget,1
categories:Webarchive,1
2002Hidden,1
descriptionShort,1
vandalismUse,1
"prices"".",1
"Help"".",1
March2021.^abPeter,1
extent,1
WikidataArticles,1
statementsCommons,1
contribute,1
"2015).""Arianespace,",1
2012All,1
Battled,1
Draw,1
"Contracts"".",1
nameArticles,1
WikidataPages,1
March2017.^Amy,1
Svitak,1
2020Coordinates,1
"2014).""Arianespace",1
EnglishUse,1
ESA:,1
2019All,1
Need,1
spent,1
undercuts,1
Ars,1
Robert,1
"2015).""Support",1
cause,1
"""https://en.wikipedia.org/w/index.php?title=SpaceX&oldid=1047153967""Categories:SpaceX2002",1
RepublicIsraelRetrieved,1
March2017.^Samantha,1
Masunaga,1
StatesCzech,1
Melody,1
librariesNorwayUnited,1
June2015.SpaceX,1
(Germany)ISNI1VIAF1WorldCatNational,1
File,1
instant.,1
Figuring,1
involves,1
mountain,1
"data"".The",1
March2017.^Elon,1
Authority,1
"2015).""Background",1
tonight's,1
"March2017.^Wright,",1
probable,1
CaliforniaAerospace,1
AngelesTechnology,1
StatesAmerican,1
manufacturersTechnology,1
March2018.^Brian,1
AngelesSpacecraft,1
companiesScience,1
Confirms,1
2002Private,1
"Investment"".",1
March2017.^Cecilia,1
AngelesManufacturing,1
Christian,1
Davenport,1
CaliforniaHyperloopManufacturing,1
founder,1
files,1
"space"".The",1
"MuskHawthorne,",1
CaliforniaElon,1
providersCompanies,1
$300,1
March2017.^Stephen,1
2002Commercial,1
communicationsMain,1
Amos,1
"engine"".",1
Sign,1
"2015).""Google",1
Conor,1
Agreement,1
"Dougherty,",1
"Pad"".",1
March2018.‹See,1
"domain.^""NASA,",1
Partners,1
Quentin;,1
Update,1
Dates,1
"February2020.^Hardy,",1
"Program"".blogs.nasa.gov.Archivedfrom",1
February2019.‹See,1
"domain.^Mack,",1
"Directors"".tesla.com.Archivedfrom",1
Board,1
"Eric.""Elon",1
"July"".CNET.Archivedfrom",1
"April2021.^""Gov.",1
Gracias,1
"domain.^""Antonio",1
Perry,1
Property,1
"2015).""NASA,",1
$200M,1
Fidelity,1
Keach,1
Elizabeth,1
"2020).""See",1
Evolution,1
Rockets,1
"Pictures"".Space.com.Archivedfrom",1
April2021.^Chris,1
"December2020.^Hagey,",1
"2011).""SpaceX:",1
tag,1
team,1
"year"".",1
Times.ISSN0362-4331.Archivedfrom,1
SAOCOM,1
1A,1
"2015)"".The",1
(Published,1
Into,1
nails,1
Coast,1
"landing"".",1
"February2019.^Granath,",1
Bob,1
Valley,1
State,1
"Canaveral"".Reuters.Archivedfrom",1
"Texas"".CBS",1
Foust,1
Breaks,1
Ground,1
"Spaceport"".",1
lab,1
Seattle,1
"area"".",1
GeekWire.,1
October2018.^Gene,1
expands,1
sqft,1
SpaceX-focused,1
"Fund,",1
Founders,1
"CA"".",1
"County"".Orange",1
County,1
Nosek,1
Register.,1
July2020.^Dennis,1
"Stone,",1
"""NASA's",1
Approach,1
March2017.^Jeff,1
proposed,1
Incentives,1
approval,1
Jurvetson,1
Funded:,1
Bringing,1
"Facility,",1
300,1
Jobs,1
Brownsville,1
"Area"".",1
Office,1
Governor,1
Rick,1
Perry.,1
March2017.^Eric,1
"2014).""Texas,",1
announce,1
Cromwell,1
"Brownsville"".",1
"January2021.^Schubarth,",1
MySanAntonio.com.Archivedfrom,1
March2017.^Leonard,1
David,1
receives,1
FAA,1
"April2021.^Howell,",1
operate,1
"Transportation"",Acta",1
G&A,1
additions,1
Race.,1
[that,1
Billionaires:,1
Tim.Rocket,1
experienced,1
"(2018).ISBN978-1610398299Fernholz,",1
have],1
multiple,1
layers,1
integration...,1
PublicAffairs,1
Cosmos.,1
spend,1
[about],1
Colonize,1
63,1
cents,1
revenue,1
Musk.,1
Barons;,1
[but,1
at],1
fee,1
exponential,1
integration,1
eliminating,1
Random,1
occurs,1
Penguin,1
Future.,1
37:50–38:58.,1
March2017.We,1
vertically,1
Our,1
Shaping,1
integrated...,1
Metal,1
How,1
Ashlee.Elon,1
sheet,1
"(2018).ISBN978-1328662231Vance,",1
Harcourt,1
wire,1
block,1
format,1
Mifflin,1
roll,1
out...,1
Houghton,1
lower-level,1
"(wires,",1
lets,1
"Capsule"".",1
June2021.^Irene,1
Klotz,1
"readingBerger,",1
December2020.Further,1
Journal.ISSN0099-9660.Archivedfrom,1
Appetite,1
Sites,1
"Grows"".",1
"Hill"".The",1
(2020).Falcon,1
Capitol,1
Grilling,1
Guide(PDF).,1
Gets,1
14.Archived(PDF)from,1
"March2021.^Spudis,",1
"2020).""Google",1
"D.""The",1
Tale,1
"1"".Air",1
"May2021.^Wolf,",1
Jim,1
"2007).""U.S.",1
nasa.gov.,1
Views,1
"connectors,",1
Eric.Liftoff:,1
raw,1
"materials).^""Reusable",1
ready,1
"liftoff"".",1
March2017.^Jason,1
Christian.The,1
"(2021).ISBN978-0008445621Davenport,",1
Paur,1
Rocket-Testing,1
"Facility"".Wired.Archivedfrom",1
activate,1
ahead,1
Collins,1
busy,1
"2020"".",1
nasaspaceflight.com.,1
"June2021.^""NASA",1
Administrator,1
Launched,1
Bolden,1
Days,1
Early,1
Desperate,1
Luke,1
"Astronautica63,",1
House,1
"survive"".",1
"November2020.^""Dragon",1
orders,1
Resilience,1
"Station,",1
needs,1
Expands,1
Expedition,1
64,1
Seven,1
"Crew"".",1
"November2020.^Sheetz,",1
(23,1
"2015).""Lockheed-Boeing",1
"year"".CNBC.Archivedfrom",1
"June2021.^Sheetz,",1
"2021).""Two",1
"station,",1
"arrives"".CNBC.Archivedfrom",1
Awarded,1
Shalal,1
"I""(Press",1
2005.,1
March2017.^Andrea,1
arrive,1
Four,1
"SpaceX""(Press",1
mission:,1
"2019).""Crew",1
"ISS"".",1
"January2020.^Northon,",1
Karen,1
"2020).""NASA,",1
Complete,1
Final,1
"2014).""Congress",1
Major,1
March2017.^Melody,1
"Spacecraft"".",1
Denver,1
"half"".",1
January2020.‹See,1
"domain.^""Demo-2",1
Lays,1
Groundwork,1
"2014).""ULA",1
Avery,1
November2020.^Jackie,1
"Wattles.""SpaceX-NASA",1
March2017.^Greg,1
Yahoo.Archivedfrom,1
"March2017.^ab""NASA",1
2008.Archivedfrom,1
bill,1
"2015).""NBN",1
"link]^""ULA,",1
secure,1
March2017.^David,1
Policy.Archivedfrom,1
Foreign,1
$650,1
"Rocketeer"".",1
"contracts"".Florida",1
Today.Archivedfrom,1
"2013).""The",1
prepares,1
NRO,1
"February2019.^Erwin,",1
$739,1
win,1
$653,1
"Asia"".BBC",1
that's,1
TV,1
"start"".Archivedfrom",1
"August2020.^""Inspiration4:",1
SES,1
"Dragon"".space.com.Archivedfrom",1
Ramli,1
February2019.[permanent,1
domain.^SpaceX's,1
launcher,1
NovemberArchivedJuly,1
Day.Archivedfrom,1
"TechCrunch,",1
"Etherington,",1
"2017^""U.S.",1
certifies,1
"launches"".Reuters.",1
February2019.^Mike,1
Herald,1
Gruss,1
$82,1
Morning,1
"satellite"".",1
undercut,1
40,1
percent:,1
"Force"".",1
Reuters.,1
Sydney,1
"March2017.^""SpaceX's",1
"says"".",1
fight,1
jobs,1
OKs,1
March2018.^ksmith,1
1-4,1
March2017.^abJason,1
2009.Archivedfrom,1
"2014).""NASA",1
'push',1
"extension"".",1
Insider.Archivedfrom,1
"December2020.^abc""SEC",1
Celebrates,1
"domain.^""Kimbal",1
"Return"".",1
March2017.^Chris,1
"2015).""NASA",1
lines,1
"Cygnus"".",1
2002.Archivedfrom,1
$700,1
"million"".",1
(SEC).,1
Commission,1
"March2017.^""SMSR",1
Integrated,1
"Schedule""(PDF).Office",1
Safety,1
Assurance.NASA.,1
Rhian,1
"More"".The",1
"May2021.^""Microgravity",1
Promising,1
(2008):192–97^AtlanticCouncil,1
"2014),Discussion",1
co-founder,1
"SpaceX,archivedfrom",1
retrieved29,1
"March2018^abZapata,",1
"2017).""PayPal",1
"Edgar.""An",1
Katie,1
Improvements,1
"domain.^Roof,",1
COTS/CRS,1
Implications,1
"Missions""(PDF).Archived(PDF)from",1
"2019.^""Mission",1
Status,1
"Shotwell"".",1
"2020).""Ms.",1
"Center"".",1
"domain.^Tzinis,",1
"2012).""Big",1
Day,1
Entrepreneur,1
2021.Archived(PDF)from,1
"Flights"".Glenn",1
banning,1
Americans,1
"domain.^ab""NASA",1
Chooses,1
"domain.^ab""Elon",1
Companies,1
Transport,1
2014.Archivedfrom,1
"domain.^Post,",1
Hannah,1
"August2020.^""SEC",1
«technica.Archivedfrom,1
"2015).""Crew",1
«ars,1
"success"".",1
sauce,1
"Test"".",1
secret,1
"January2020.^""NASA",1
"Eric.""Forget",1
"March2017.^Berger,",1
"engines"".The",1
Russian-made,1
purchases,1
"Station"".teslarati.com.Archivedfrom",1
"Soil"".",1
Effort,1
Center.NASA.,1
Steps,1
"securities"".",1
Retrieved27,1
"February2021.^Sheetz,",1
powerful,1
moon's,1
"astronauts"".",1
sale,1
"April2020.^""Private",1
Taxi's,1
Escape,1
System,1
Passes,1
Big,1
"Hurdle"".",1
2011.Archivedfrom,1
"March2017.^Frank,",1
Jr.,1
Morring,1
"2011).""Five",1
Vehicles,1
Vie,1
Human,1
"Spaceflight"".",1
Event,1
Council.,1
"April2017.^Grush,",1
"2013).""Elon",1
'I'd,1
die,1
"impact'"".",1
March2017.^Alex,1
destroyed,1
Hern,1
†,1
sites.,1
'Chances,1
we're,1
"engines,",1
living,1
"simulation'"".The",1
unflown,1
Guardian.Archivedfrom,1
March2017.^Sarah,1
Fecht,1
Wants,1
docuseries)*,1
Humans,1
Space(2021,1
"2025"".",1
Science.Archivedfrom,1
SXSW:,1
Terdiman,1
Development)RelatedCountdown:,1
September2018.^Daniel,1
"architecture,",1
topicsHyperloopTesla,1
Company(2016–present)Endeavor(2021–present)Related,1
(2006–present)OpenAI(2015–present)Neuralink(2016–present)The,1
"plans"".Archivedfrom",1
"May2020.^""Elon",1
Energy(previouslySolarCity),1
Inc.(2004–present)Tesla,1
"""dangerous""",1
"scared"".cbsnews.com.Archivedfrom",1
"laterPayPal)SpaceX(2002–present)Tesla,",1
"February2019.^""Elon",1
hinges,1
giant,1
Engadget.Archivedfrom,1
"MuskCompaniesZip2(1995–1999)X.com(1999–2000,",1
mystery,1
"passenger,",1
sites.CommonsvteElon,1
he's,1
"billionaire"".",1
abandoned,1
"vehicles,",1
Broadband,1
"Seattle"".",1
updates,1
transportKey,1
Dragon(canceled)Mars,1
Blanket-licensed,1
stationsArchivedMay,1
"29,",1
"MachineSES-LIC-INTR2019-00217,",1
2019‹See,1
"domain.^""SpaceX's",1
testsRed,1
$900,1
programsReusabilityFalcon,1
FCC,1
"areas"".",1
"December2020.^Immanni,",1
Manikanta,1
Collaborated,1
ServicesR&D,1
Provide,1
ServicesGateway,1
ProgramCommercial,1
"Customers"".TechDator.Archivedfrom",1
"May2021.^Hall,",1
programContractsCommercial,1
ship)SpaceX,1
Application,1
"Musk(CEO,",1
heaviest,1
"constellations"".",1
"date"".",1
VP,1
Mueller(former,1
"July2019.^""Starlink",1
COO)Tom,1
"Statistics"".planet4589.org",1
Jonathan's,1
Pages.Archivedfrom,1
"2021.^O'Callaghan,",1
Reveals,1
Monthly,1
'Better,1
Than,1
Shotwell(President,1
Nothing,1
"Beta'"".Forbes.Archivedfrom",1
October2020.^Caleb,1
Henry,1
"2017).""FCC",1
CTO)Gwynne,1
gets,1
applications,1
non-geostationary,1
BFR,1
spaceBoring,1
(June,1
concludes,1
"NASASpaceFlight.com"".",1
Play:,1
"March2019.^Clark,",1
Stephen,1
(7,1
"redesigns,",1
September2021.^Jonathan,1
finish,1
sight,1
"spaceship"".",1
June2020.'With,1
[the,1
parachutes],1
angle,1
"seats,",1
get,1
"anymore',",1
said.,1
"""So",1
seats.,1
Motors(2019)Power,1
kind,1
Story,1
splashdown,1
Bet,1
"us"".^""SpaceX",1
"March2021.^""Crew",1
Loren,1
2019)CategoriesvteSatellite,1
"Morty,",1
"time"".",1
(Rick,1
"April2019.^""Big",1
"Morty""",1
News!,1
Starhopper,1
"2015)""One",1
First,1
Free,1
"Simpsons,",1
"Flight!"".",1
(The,1
"August2019.^Berger,",1
"2020).""So,",1
"Earth""",1
"Century(2021)""The",1
turns,1
pretty,1
good,1
"rocketing"".Ars",1
change,1
"flight"".",1
"Moon,",1
"contract"".",1
Simberg,1
Reusable,1
"Plans"".",1
March2017.^SpaceX,1
Musk(mother)Justine,1
"2015),Elon",1
Names,1
Drone,1
Ships,1
Honor,1
Sci-Fi,1
"Legend,archivedfrom",1
retrieved31,1
"May2020^Burghardt,",1
acquires,1
TeslaTSLAQFamilyMaye,1
honorsCriticism,1
serve,1
"spaceports"".NASASpaceFlight.com.Archivedfrom",1
March2021.^Chris,1
Gebhardt,1
"2017).""The",1
TunnelViewsAwards,1
March2020.^Rand,1
Musk(first,1
Retrieved7,1
ties,1
Unvarnished,1
"December2020.^Potter,",1
biography)Ludicrous:,1
Sean,1
"2020).""NASA",1
Artemis,1
Future(2015,1
"Services"".",1
Fantastic,1
Rive(cousin)In,1
Musk(sister)Lyndon,1
March2020.‹See,1
Musk(brother)Tosca,1
partner)Kimbal,1
wife)Grimes(former,1
"domain.^Clark,",1
"Stephen.""NASA",1
Riley(second,1
picks,1
wife)Talulah,1
lunar,1
"orbit"".",1
"March2020.^""Dragon",1
Shannon,1
"Launch,",1
UK,1
"Gluck,",1
5*Falcon,1
"Beger,",1
Samuel;,1
"Hu,",1
Yiyuan;,1
"Rhee,",1
1e*Falcon,1
Justin;,1
"Petersen,",1
Eric;,1
"Mormann,",1
Benjamin;,1
St,1
"Aubin,",1
Michael;,1
"Hasdianda,",1
Mohammad,1
4CancelledFalcon,1
"Jambaulikar,",1
Guruprasad;,1
"Boyer,",1
Edward,1
"W.;Sabeti,",1
Air*BFR,1
Matthew;,1
v1.2Block,1
"Slein,",1
Sameed,1
M.;,1
"Chen,",1
Zhilin;,1
"Yu,",1
Jingyou;,1
"Gebre,",1
vehiclesCurrentStarship,1
Makda;,1
"Atyeo,",1
Caroline;,1
"Gorman,",1
CrewC206EndeavourC207ResilienceC210Starship*Test,1
CargoStarship*CrewedDragon,1
CargoDragon,1
"Zhu,",1
Alex,1
Lee;,1
Jaewon;,1
"Burke,",1
ITS*SpacecraftCargoDragon,1
John,1
S.;,1
Pardis,1
"C.;Barouch,",1
Stephanie;,1
9Block,1
vehiclesCurrentFalcon,1
websitevteSpaceXHistoryLaunch,1
to:SpaceXOfficial,1
"1018.Bibcode:2021NatCo..12.1018B.doi:10.1038/s41467-021-21336-8.PMC7884400.PMID33589636.^""SEC",1
quotations,1
"D/A"".www.sec.gov.",1
Commission.Archivedfrom,1
March2021.^abMichael,1
to:SpaceXWikiquote,1
toSpaceX.Wikinews,1
media,1
SpaceX:,1
Visit,1
Company's,1
Slide,1
"3"".",1
"March2017.^abcBerger,",1
taken,1
"time"".Ars",1
March2021.^Gwynne,1
2014).Discussion,1
linksWikimedia,1
(2015).ISBN978-0753555620External,1
Communications.12(1):,1
5Falcon,1
Dan,1
"stability"".Nature",1
H.;,1
"Julg,",1
Boris,1
"D.;Musk,",1
R.;,1
"Menon,",1
Anil,1
"S.;Lauffenburger,",1
Douglas,1
"Nilles,",1
"J.;Alter,",1
"Thrust""",1
"9v1.0v1.1""Full",1
Galit(15,1
"2021).""Discrete",1
historyRetiredFalcon,1
SARS-CoV-2,1
antibody,1
titers,1
functional,1
developmentStarship*development,1
HeavyIn,1
humoral,1
"Siddiqui,",1
prototypesRetiredGrasshopperF9R,1
Fear,1
"know"".",1
nationalgeographic.com.,1
"Houston,",1
March2021.^SpaceX,1
"2020).""Astronomy",1
Discussion,1
Academy,1
"officesChantilly,",1
"Sciences"".Archivedfrom",1
"April2021.^O'Callaghan,",1
WashingtonRegional,1
"facilityRedmond,",1
Cause,1
Cascades,1
"Junk"".Scientific",1
TexasSatellite,1
American.Archivedfrom,1
"facilityMcGregor,",1
CaliforniaRocket,1
August2020.^Does,1
Pose,1
Debris,1
Threat?,1
An,1
"Seattle,",1
astronomy?,1
Expert,1
harm,1
Outnumber,1
Visible,1
"Stars"".The",1
"June2019.^""The",1
Navigator(recovery,1
unexpected,1
ruin,1
night,1
"sky"".The",1
ship)GO,1
Economist.,1
"June2019.^""SpaceX's",1
Searcher(recovery,1
Change,1
Night,1
"Forever,",1
And,1
Astronomers,1
Are,1
DCSupportGO,1
Not,1
"Happy"".Forbes.Archivedfrom",1
"June2019.^""Will",1
"factoryHawthorne,",1
Answers.Archived17,1
"Fischinger,",1
facilitiesOrbitalCCSFSSLC-40KSCLC-39AVSFBSLC-4EFloating,1
HeavyStarlinkStarshipLaunch,1
missionsFalcon,1
"2019).""Team",1
TUM,1
Competition,1
288,1
mph,1
"speed"".TechCrunch.Archivedfrom",1
"April2021.^Krouse,",1
Sarah,1
got,1
"4,000",1
enginesMerlin1A1B*1C1DVacuumKestrelDracoSuperDracoRaptorLists,1
workers,1
join,1
study.,1
"learned"".Wall",1
February2021–,1
"viafoxbusiness.com.^Bartsch,",1
Dev2*Rocket,1
Dev1†DragonFlyStarhopperUnflownF9R,1
Yannic,1
C.;,1
"April2021.^Etherington,",1
"seriously?"".Ars",1
MachineJan,1
"2018).""Is",1
facilitiesHeadquarters,1
"Hattenbach,Sky",1
LZ-2LZ-4Other,1
"Telescope,",1
ZonesLZ-1,1
"2019^""Starlink",1
"v1.0"".",1
space.skyrocket.de.Archivedfrom,1
July2021.^Alan,1
Boyle,1
Plans,1
shipsLanding,1
sitesAutonomous,1
ChicaLanding,1
Races,1
NBC.Archivedfrom,1
Mexico†StarbaseBoca,1
"March2017.^""Spacex",1
"Competition""(PDF).",1
Island†AtmosphericMcGregorNew,1
"March2017.^Bonasio,",1
Alice,1
platforms*Omelek,1
subcontractors,1
theExpedition,1
"Klotz,",1
rocket.[60]2017–2018:,1
theStarshipandStarlinkprojects.[70]Construction,1
Florida,1
moved,1
newSpaceX,1
sitelater,1
year.,1
"satellites,",1
beginning,1
year.[71]SpaceX,1
US$1.33,1
capital,1
across,1
rounds,1
2019.[72]By,1
risen,1
US$33.3,1
billion[73]and,1
US$36,1
2020.[74]On,1
(Doug,1
HurleyandBob,1
Behnken),1
aCrew,1
Dragonspacecraft,1
duringCrew,1
"Demo-2,",1
Stationand,1
help,1
launchesOn,1
Musk.[69]2019–present:,1
launches.[65]In,1
US$350,1
US$21,1
billion.[61]In,1
45%,1
contracts.[62]By,1
100,1
representing,1
revenue.[63]The,1
andgovernment(NASA/DOD),1
customers.[64]This,1
measured,1
manifested,1
"asubsidiary,The",1
remainder,1
"Company,[66]and",1
construct,1
tunnel,1
utilizing,1
"employees,[67]which",1
"2018,[68]and",1
opened,1
2018.[69]During,1
wasspun,1
outinto,1
separatecorporate,1
entitywith,1
marking,1
years.[75][76]The,1
fromKennedy,1
say,1
forStarlink.[82]Summary,1
achievementsMajor,1
reduction,1
notable,1
continued,1
relaunches,1
multi-yearprogram,1
technology.,1
separate,1
"boosters,B1049andB1051,",1
respectively.[83]Elon,1
gone,1
push,1
compute,1
fleet,1
"leader,B1051,",1
past,1
flights.[84]SpaceX,1
self-funded,1
"efforts,",1
traditionalcost-plus,1
contractingof,1
government.,1
"result,",1
firsts,1
company.List,1
networking,1
on-ground,1
39A(LC-39A),1
investors[81]at,1
theKennedy,1
CenterinFlorida.[77]On,1
US$1.9,1
"round,",1
fundraising,1
pushes,1
increased,1
US$46,1
billion.[78][79][80]In,1
additionalUS$1.61billion,1
round,1
99,1
"$420,[80]raising",1
Azureto,1
approximatelyUS$74billion.,1
thanUS$6billion,1
date.,1
capital-intensive,1
phase,1
principally,1
fielding,1
vehicle.[81]By,1
entered,1
agreements,1
withGoogle,1
PlatformandMicrosoft,1
providerIn,1
class,1
2008First,1
"again,",1
"fromGoogleandFidelity,",1
exchange,1
8.33%,1
establishing,1
billion.[48]The,1
month,1
"constellation,",1
"calledStarlink,",1
"June,",1
asked,1
permission,1
begin,1
"project,",1
aiming,1
satellites.[49]The,1
failure,1
seventh,1
"mission,CRS-7exploded",1
flight.[50]The,1
problem,1
traced,1
2-foot-long,1
aheliumpressure,1
"vessel,",1
force,1
ofacceleration.,1
breach,1
years.[47]In,1
US$400,1
rise,1
ORBCOMM,1
"low-altitude,",1
low-speed,1
aspects,1
technology.[42]TheFalcon,1
prototypesperformed,1
takeoffs,1
(VTOL).,1
"High-velocity,",1
high-altitude,1
theboosteratmospheric,1
2013.[42]2013–2015:,1
growthLaunch,1
"OG2-M1,",1
Alliance(ULA).[46]The,1
2014Employees,1
capsuleat,1
2015SpaceX,1
worldwide.[43]That,1
requested,1
governments,1
additionalsubsidiesto,1
face,1
SpaceX.[44][45]Beginning,1
affect,1
"payloads,",1
providerUnited,1
high-pressure,1
helium,1
low-pressure,1
vessels.[57]Though,1
"payload,",1
theAmos-6communications,1
valued,1
US$200,1
destroyed.[56]The,1
theliquid,1
oxygenthat,1
turning,1
cold,1
solidified,1
withcarbon,1
compositehelium,1
unsuccessful,1
pre-launchstatic,1
sent,1
four-month,1
hiatus,1
worked,1
wrong.,1
2017.[58]On,1
theSES-10satellite.,1
re-launch,1
payload-carrying,1
back,1
space.[59]The,1
recovered,1
test.[55]The,1
standard,1
"tank,",1
withFalcon,1
causing,1
failure.[51]2015–2017:,1
milestonesLong-exposure,1
(left),1
(right),1
"20,",1
rocket.Falcon,1
anautonomous,1
ship(ASDS),1
barge,1
"sea,SpaceX",1
CRS-8mission.SpaceX,1
20.[52]In,1
stage.[54]In,1
autonomous,1
(ASDS)Of,1
Course,1
I,1
Still,1
Love,1
Youin,1
Ocean.[53]By,1
"landings,",1
offering,1
discount,1
choose,1
SpaceXDateAchievementFlight28,1
414,1
MachineAviation,1
third,1
"times,",1
127,1
"successes,",1
partial,1
"success,one",1
in-flight,1
failure.,1
experienceda,1
pre-flight,1
failureprior,1
2016.[103][104]Rocket,1
enginesMain,1
enginesTheMerlin,1
1Dengine,1
undergoes,1
Texas.Since,1
founding,1
severalrocket,1
"engines–Merlin,Kestrel,",1
andRaptorfor,1
inlaunch,1
"vehicles,[105][106]Dracofor",1
"spacecraft,[107]andSuperDracofor",1
inCrew,1
Dragon.[108]Merlin,1
usesliquid,1
oxygen(LOX),1
129,1
Launch(NSSL).[101][102]As,1
theNational,1
aheavy-lift,1
firstcommercialspacecraft,1
(ISS).[38]The,1
upgraded,1
v1.1in,1
"2013,Falcon",1
Full,1
Thrustin,1
5in,1
retropropulsively,1
"recovered,",1
reflown.[97]TheFalcon,1
Heavyis,1
"63,800",1
orbit[100]Both,1
"(140,700",1
toLow,1
orbit(LEO),1
"26,700",1
"(58,900",1
togeosynchronous,1
orbit(GTO).,1
slightly,1
27Merlin,1
1Dengines.[98][99]The,1
personalTesla,1
Roadsterintoheliocentric,1
andRP-1propellants,1
agas-generator,1
cycle.,1
2spacecraft.[107]SuperDracois,1
strengthniobiumalloy.[106][111]Draco,1
ahypergolicliquid-propellant,1
utilizesmonomethyl,1
hydrazinefuelandnitrogen,1
tetroxideoxidizer.,1
thruster,1
generates,1
400,1
N,1
(90,1
thrust.[112]They,1
theDragonandDragon,1
hypergolic,1
nozzle,1
liquid-propellant,1
"that,",1
"Draco,",1
usesmonomethyl,1
hydrazineandnitrogen,1
tetroxidepropellants.,1
Eight,1
providelaunch,1
capabilityfor,1
scenario.,1
produces,1
73,1
fabricated,1
Kestrel's,1
1's,1
engine.,1
apintleinjector,1
provides,1
deep-throttle,1
landings.,1
Propellants,1
fed,1
via,1
"shaft,",1
dual,1
impellerturbopump.[109][110]Kestrel,1
LOX/RP-1pressure-fedrocket,1
main,1
pintle,1
nozzle.,1
architecture,1
"aturbopump,",1
isfed,1
tank,1
pressure.,1
isablatively,1
cooledin,1
chamber,1
"throat,",1
isradiatively,1
cooledon,1
exhaust,1
"flight,COTS",1
2010.,1
2009First,1
v1.0rocket,1
intoheliocentric,1
orbit.Elon,1
RoadsteronFalcon,1
flight2,1
orbit.Crew,1
Demo-13,1
crew-capable,1
Station(ISS).25,1
afull-flow,1
cycle,1
engine(Raptor).[89]Starhopper11,1
fairing.,1
theArabSat-6Amission,1
2019.Starlink,1
v1.0January,1
2020Largest,1
operator,1
world.[71]Starlink,1
v1.030,1
orbit.[90]Crew,1
Demo-231,1
Station(ISS).[91]24,1
2021Most,1
"mission,",1
143,1
satellites.[a][92]Transporter-1,1
onFalcon,1
2018First,1
CRS-116,1
C106onSpaceX,1
OG2,1
orbit.RazakSATonFalcon,1
59,1
2010First,1
spacecraft.SpaceX,1
DragononSpaceX,1
125,1
2012First,1
Station(ISS).[86]Dragon,1
C2+22,1
2015First,1
land.Falcon,1
9B1019onOrbcomm,1
M28,1
spacecraft.[88]Dragon,1
2016First,1
platform.Falcon,1
9B1021onSpaceX,1
CRS-830,1
"reuse,",1
(second),1
stage.[59]Falcon,1
9B1021onSES-1030,1
controlled,1
flyback,1
fairing.[87]SES-103,1
re-flight,1
917,1
mission.,1
(National,1
"funded,",1
9and,1
heavy-liftFalcon,1
Heavyare,1
operational.,1
intolow,1
orbit.,1
"2009,",1
successfully.[96]It,1
functioned,1
test-bed,1
components,1
9.[96]The,1
9is,1
small-liftFalcon,1
anmedium-lift,1
"22,800",1
"(50,265",1
competing,1
theDelta,1
IVand,1
theAtlas,1
"Vrockets,",1
well,1
providers,1
world.,1
nineMerlinengines,1
medium-liftFalcon,1
vehicles.SpaceX,1
previously,1
li{page-break-inside:avoid;break-inside:avoid-column}.mw-parser-output,1
boosters.)[93]GPS,1
III-05onFalcon,1
B106216,1
all-private,1
crew.[94][95]Inspiration4.mw-parser-output,1
.reflist{font-size:90%;margin-bottom:0.5em;list-style-type:decimal}.mw-parser-output,1
.reflist,1
.references{font-size:100%;margin-bottom:0;list-style-type:inherit}.mw-parser-output,1
.reflist-columns-2{column-width:30em}.mw-parser-output,1
.reflist-columns-3{column-width:25em}.mw-parser-output,1
.reflist-columns{margin-top:0.3em}.mw-parser-output,1
ol{margin-top:0}.mw-parser-output,1
.reflist-upper-alpha{list-style-type:upper-alpha}.mw-parser-output,1
utilized,1
.reflist-upper-roman{list-style-type:upper-roman}.mw-parser-output,1
.reflist-lower-alpha{list-style-type:lower-alpha}.mw-parser-output,1
.reflist-lower-greek{list-style-type:lower-greek}.mw-parser-output,1
.reflist-lower-roman{list-style-type:lower-roman}^Excluding,1
passive,1
objects,1
ofProject,1
FordHardwareLaunch,1
vehiclesMain,1
vehiclesThe,1
5first,1
–VTVLtechnologies,1
active,1
million.[41]SpaceX's,1
investing,1
0.8em;font-size:145%;line-height:1.2em}.mw-parser-output,1
"Morty""RelatedBoring",1
TunnelCriticism,1
TeslaMaye,1
MuskHyperloopTesla,1
spaceTSLAQ.mw-parser-output,1
.navbar{display:inline;font-size:88%;font-weight:normal}.mw-parser-output,1
.navbar-collapse{float:left;text-align:left}.mw-parser-output,1
.navbar-boxtext{word-spacing:0}.mw-parser-output,1
ul{display:inline-block;white-space:nowrap;line-height:inherit}.mw-parser-output,1
".navbar-brackets::before{margin-right:-0.125em;content:""[",1
"""}.mw-parser-output",1
".navbar-brackets::after{margin-left:-0.125em;content:""",1
"]""}.mw-parser-output",1
li{word-spacing:-0.125em}.mw-parser-output,1
.navbar-mini,1
abbr{font-variant:small-caps;border-bottom:none;text-decoration:none;cursor:inherit}.mw-parser-output,1
.navbar-ct-full{font-size:114%;margin:0,1
7em}.mw-parser-output,1
.navbar-ct-mini{font-size:114%;margin:0,1
4em}.mw-parser-output,1
.infobox,1
.navbar{font-size:100%}.mw-parser-output,1
.navbox,1
.navbar{display:block;font-size:100%}.mw-parser-output,1
.navbox-title,1
.navbar{float:left;text-align:left;margin-right:0.5em}vteSpace,1
Corp.(SpaceX),1
"Earth""""One",1
"Only""""The",1
"Play""Members",1
.sidebar-list-title{padding:0,1
.sidebar-image{padding:0.2em,1
.sidebar-heading{padding:0.1em,1
.sidebar-content{padding:0,1
0.5em,1
.sidebar-content-with-subgroup{padding:0.1em,1
0.2em}.mw-parser-output,1
.sidebar-below{padding:0.3em,1
0.8em;font-weight:bold}.mw-parser-output,1
.sidebar-below{border-top:1px,1
#aaa;border-bottom:1px,1
#aaa}.mw-parser-output,1
.sidebar-navbar{text-align:right;font-size:115%;padding:0,1
0.4em;text-align:left;font-weight:bold;line-height:1.6em;font-size:105%}.mw-parser-output,1
MuskLudicrousPower,1
.sidebar-list-title-c{padding:0,1
0.4em;text-align:center;margin:0,1
3.3em}@media(max-width:720px){body.mediawiki,1
.sidebar{width:100%!important;clear:both;float:none!important;margin-left:0!important;margin-right:0!important}}This,1
ofa,1
aboutElon,1
MuskAwards,1
"honorsViewsCompaniesZip2X.comPayPalSpaceXTesla,",1
Inc.Tesla,1
EnergyOpenAINeuralinkThe,1
CompanyIn,1
popular,1
Americanaerospace,1
"manufacturer,space",1
transportationservices,1
"debut,",1
rocketsover,1
times.SpaceX,1
megaconstellation,1
launched.,1
"developingStarship,",1
"funded,fully",1
"reusable,super",1
systemforinterplanetary,1
spaceflight.,1
"operational,",1
supplanting,1
fleet.,1
scheduled,1
2020).,1
2020s.Contents1History1.12001–2004:,1
Founding1.22005–2009:,1
launches1.32010–2012:,1
contracts1.42013–2015:,1
growth1.52015–2017:,1
milestones1.62017–2018:,1
provider1.72019–present:,1
launches1.8Summary,1
achievements2Hardware2.1Launch,1
vehicles2.2Rocket,1
engines2.3Dragon,1
spacecraft2.4Autonomous,1
reflown,1
Demo-2in,1
andcommunicationscorporation,1
fundedliquid-propellant,1
founded,1
2002,1
byElon,1
Muskwith,1
enable,1
thecolonization,1
Mars.,1
Heavylaunch,1
"vehicles,several",1
"engines,Dragoncargo,",1
andStarlinkcommunications,1
satellites.SpaceX's,1
rocketto,1
Station(SpaceX,1
1in,1
"2008),",1
(Dragonin,1
"2010),",1
(Dragon,1
"2012),",1
firstvertical,1
take-off,1
propulsive,1
landingfor,1
"2015),",1
"2017),",1
.sidebar-title-with-pretitle{padding:0.1em,1
.sidebar-title-with-pretitle{padding:0.2em,1
$200,1
".sidebar-title,.mw-parser-output",1
"companies"",""Science",1
"Angeles"",""Spacecraft",1
"manufacturers"",""Technology",1
"Angeles"",""Technology",1
"2002""],""wgPageContentLanguage"":""en"",""wgPageContentModel"":""wikitext"",""wgRelevantPageName"":""SpaceX"",""wgRelevantArticleId"":832774,""wgIsProbablyEditable"":!1,""wgRelevantPageIsProbablyEditable"":!1,""wgRestrictionEdit"":[""autoconfirmed""],""wgRestrictionMove"":[],""wgFlaggedRevsParams"":{""tags"":{""status"":{""levels"":-1}}},""wgMediaViewerOnClick"":!0,""wgMediaViewerEnabledByDefault"":!0,""wgPopupsFlags"":10,""wgVisualEditor"":{""pageLanguageCode"":""en"",""pageLanguageDir"":""ltr"",""pageVariantFallbacks"":""en""},""wgMFDisplayWikibaseDescriptions"":{""search"":!0,""nearby"":!0,""watchlist"":!0,""tagline"":!1},",1
"""wgWMESchemaEditAttemptStepOversample"":!1,""wgULSCurrentAutonym"":""English"",""wgNoticeProject"":""wikipedia"",""wgCoordinates"":{""lat"":33.9207,""lon"":-118.3278},""wgEditSubmitButtonLabelPublish"":!0,""wgULSPosition"":""interlanguage"",""wgULSisCompactLinksEnabled"":!0,""wgGENewcomerTasksGuidanceEnabled"":!0,""wgGEAskQuestionEnabled"":!1,""wgGELinkRecommendationsFrontendEnabled"":!1,""wgCentralAuthMobileDomain"":!1,""wgWikibaseItemId"":""Q193701""};RLSTATE={""ext.globalCssJs.user.styles"":""ready"",""site.styles"":""ready"",""noscript"":""ready"",""user.styles"":""ready"",""ext.globalCssJs.user"":""ready"",""user"":""ready"",""user.options"":""loading"",""ext.cite.styles"":""ready"",""ext.tmh.thumbnail.styles"":""ready"",""skins.vector.styles.legacy"":""ready"",""jquery.tablesorter.styles"":""ready"",""jquery.makeCollapsible.styles"":""ready"",""ext.visualEditor.desktopArticleTarget.noscript"":""ready"",""ext.uls.interlanguage"":""ready"",""ext.wikimediaBadges"":""ready"",""wikibase.client.init"":""ready""};RLPAGEMODULES=[""ext.cite.ux-enhancements"",",1
"""mw.MediaWikiPlayer.loader"",""mw.PopUpMediaTransform"",""mw.TMHGalleryHook.js"",""site"",""mediawiki.page.ready"",""jquery.tablesorter"",""jquery.makeCollapsible"",""mediawiki.toc"",""skins.vector.legacy.js"",""ext.gadget.ReferenceTooltips"",""ext.gadget.charinsert"",""ext.gadget.extra-toolbar-buttons"",""ext.gadget.refToolbar"",""ext.gadget.switcher"",""mmv.head"",""mmv.bootstrap.autostart"",""ext.popups"",""ext.visualEditor.desktopArticleTarget.init"",""ext.visualEditor.targetLoader"",""ext.eventLogging"",""ext.wikimediaEvents"",""ext.navigationTiming"",""ext.uls.compactlinks"",""ext.uls.interface"",""ext.cx.eventlogging.campaigns"",""ext.centralNotice.geoIP"",""ext.centralNotice.startUp"",""ext.centralauth.centralautologin"",""ext.growthExperiments.SuggestedEditSession""];(RLQ=window.RLQ||[]).push(function(){mw.loader.implement(""user.options@1hzgi"",function($,jQuery,require,module){/*@nomin*/mw.user.tokens.set({""patrolToken"":""+\\"",""watchToken"":""+\\"",""csrfToken"":""+\\""});",1
});});SpaceXFrom,1
"Wikipedia,",1
encyclopediaJump,1
navigationJump,1
searchAmerican,1
company.mw-parser-output,1
.hatnote{font-style:italic}.mw-parser-output,1
div.hatnote{padding-left:1.6em;margin-bottom:0.5em}.mw-parser-output,1
.hatnote,1
i{font-style:normal}.mw-parser-output,1
.hatnote+link+.hatnote{margin-top:-0.5em}This,1
manufacturer.,1
British,1
art,1
"gallery,",1
seeSpacex,1
(art,1
"gallery).""Space",1
"Technologies""",1
redirects,1
"2002"",""Private",1
"Angeles"",""Manufacturing",1
"California"",""Hyperloop"",""Manufacturing",1
"English"",""Use",1
"Wikipediadocument.documentElement.className=""client-js"";RLCONF={""wgBreakFrames"":!1,""wgSeparatorTransformTable"":["""",""""],""wgDigitTransformTable"":["""",""""],""wgDefaultDateFormat"":""dmy"",""wgMonthNames"":["""",""January"",""February"",""March"",""April"",""May"",""June"",""July"",""August"",""September"",""October"",""November"",""December""],""wgRequestId"":""03a4481f-e972-43c7-be1d-8e921b87a8c3"",""wgCSPNonce"":!1,""wgCanonicalNamespace"":"""",""wgCanonicalSpecialPageName"":!1,""wgNamespaceNumber"":0,""wgPageName"":""SpaceX"",""wgTitle"":""SpaceX"",""wgCurRevisionId"":1047153967,""wgRevisionId"":1047153967,""wgArticleId"":832774,""wgIsArticle"":!0,""wgIsRedirect"":!1,""wgAction"":""view"",""wgUserName"":null,""wgUserGroups"":[""*""],""wgCategories"":[""Webarchive",1
"links"",""Wikipedia",1
"template"",""All",1
"links"",""Articles",1
"2021"",""Articles",1
"links"",""CS1",1
"unknown"",",1
"""Articles",1
"description"",""Short",1
"Wikidata"",""Wikipedia",1
"vandalism"",""Use",1
"2019"",""All",1
"2020"",""Coordinates",1
"Musk"",""Hawthorne,",1
"Wikidata"",""Pages",1
"name"",""Articles",1
"2012"",""All",1
"statements"",""Commons",1
"Wikidata"",""Articles",1
"clips"",""SpaceX"",""2002",1
"California"",""Aerospace",1
"States"",""American",1
"2002"",""Commercial",1
"providers"",",1
"""Companies",1
"California"",""Elon",1
here.,1
general,1
"topics,",1
1em;background:#f8f9fa;border:1px,1
"launch,satellite",1
internetRevenueUS$2,1
(2018)[4]OwnerElon,1
Trust(54%,1
equity;,1
78%,1
voting,1
control)[5]Number,1
employeesOver,1
"9,500[6](February",1
2021)Websitewww.spacex.com.mw-parser-output,1
.sidebar{width:22em;float:right;clear:right;margin:0.5em,1
#aaa;padding:0.2em;text-align:center;line-height:1.4em;font-size:88%;border-collapse:collapse;display:table}body.skin-minerva,1
development)StarlinkASDS,1
.sidebar{display:table!important;float:right!important;margin:0.5em,1
1em!important}.mw-parser-output,1
.sidebar-subgroup{width:100%;margin:0;border-spacing:0}.mw-parser-output,1
.sidebar-left{float:left;clear:left;margin:0.5em,1
.sidebar-none{float:none;clear:both;margin:0.5em,1
.sidebar-outer-title{padding:0,1
0.2em;font-size:125%;line-height:1.2em;font-weight:bold}.mw-parser-output,1
.sidebar-top-image{padding:0.4em}.mw-parser-output,1
".sidebar-top-caption,.mw-parser-output",1
".sidebar-pretitle-with-top-image,.mw-parser-output",1
.sidebar-caption{padding:0.2em,1
.sidebar-pretitle{padding:0.4em,1
platformsServicesOrbitalrocket,1
capsulesStarship(in,1
seeSpace,1
States.mw-parser-output,1
explorationandSpace,1
technology.Space,1
Corp.Headquarters,1
2017;,1
plumes,1
visible,1
overheadTrade,1
"nameSpaceXTypePrivateIndustryAerospace,CommunicationsFounded6",1
2002;,1
ago(2002-05-06)[1]FounderElon,1
"MuskHeadquartersHawthorne,",1
"California,United",1
".geo-default,.mw-parser-output",1
enginesDragon,1
".geo-dms,.mw-parser-output",1
.geo-dec{display:inline}.mw-parser-output,1
".geo-nondefault,.mw-parser-output",1
.geo-multi-punct{display:none}.mw-parser-output,1
".longitude,.mw-parser-output",1
.latitude{white-space:nowrap}33°55′15″N118°19′40″W﻿,1
-118.3278Coordinates:33°55′15″N118°19′40″W﻿,1
-118.3278Key,1
"Musk(CEOandCTO,",1
2002–present)[2]Gwynne,1
Shotwell(PresidentandCOO)[3]ProductsSeveral,1
vehiclesSeveral,1
ships2.5Starship2.6Starlink2.6.1Controversies2.7Other,1
"projects3Facilities3.1Headquarters,",1
facilities3.2Development,1
facilities3.3Launch,1
"successful,",1
fifth,1
"total,",1
launchin,1
2009;,1
9.[27]Gwynne,1
Shotwellwas,1
promoted,1
president,1
role,1
negotiating,1
NASA.[28]2010–2012:,1
contractsPlay,1
mediaVideo,1
9Dragon,1
missionCOTS-1SpaceX,1
follow,1
light,1
intermediate,1
5.[29]SpaceX,1
proceed,1
heavier,1
accelerated,1
"byNASA,",1
committed,1
specific,1
demonstrated.,1
itssecond,1
"enabled,",1
operations,1
turn,1
failures,1
cover,1
"launches;Tesla,SolarCity,",1
bankrupt,1
well;[24]Musk,1
"""waking",1
"nightmares,",1
screaming,1
physical,1
"pain""",1
"stress.[25]However,",1
things,1
shortly,1
factors,1
withthe,1
fourth,1
attempton,1
split,1
remaining,1
$30,1
firstCommercial,1
(CRS)contract,1
"December,",1
financially,1
saving,1
company.[26]Based,1
seed,1
money,1
2006.[30]The,1
shares,1
system.,1
includes,1
numerous,1
technical,1
certification,1
"milestones,",1
certification.[34]In,1
two-thirds,1
stock,1
owned,1
Musk[35]and,1
70,1
US$875,1
detailed,1
onprivate,1
"markets,[36]valuing",1
US$1.3,1
billion.[37]In,1
C2+launch,1
Station.[38]After,1
doubled,1
US$2.4,1
US$20/share.[39][40]By,1
operation.,1
"this,",1
provided,1
entire,1
producing,1
overall,1
"orbits,",1
award,1
US$278,1
Dragon.[30]As,1
Spacecraft,1
Qualification,1
"Unit,",1
mockup,1
spacecraft.The,1
aboardCOTS,1
9's,1
safely,1
toEarthafter,1
completing,1
objective,1
objectives.[31]By,1
months.[32]In,1
second-roundCommercial,1
Development(CCDev),1
US$75,1
integratedlaunch,1
systemfor,1
preparation,1
human-rating,1
ISS.[33]In,1
fixed-priceSpace,1
Agreement(SAA),1
failures.,1
byDARPA.[17][22][23]The,1
evaluates,1
price.[10][11]On,1
"traveled""",1
regain,1
interest,1
exploration,1
increaseNASA's,1
budget.[7][8][9]Musk,1
tried,1
cheap,1
fromRussiabut,1
empty-handed,1
failing,1
find,1
home,1
farthest,1
realized,1
start,1
needed.[11]By,1
applyingvertical,1
"integration,[10]using",1
cheapcommercial,1
off-the-shelfcomponents,1
"possible,[11]and",1
adopting,1
modular,1
approach,1
modern,1
life's,1
"""the",1
"engineering,",1
also8References9Further,1
facilities3.3.1Cape,1
Station3.3.2Vandenberg,1
Base3.3.3Kennedy,1
Center3.3.4Boca,1
Texas3.4Satellite,1
facility4Contracts4.1NASA4.1.1COTS4.1.2Commercial,1
cargo4.1.3Commercial,1
crew4.2National,1
defense4.3Space,1
tourism5Launch,1
pressure6Board,1
directors7See,1
reading10External,1
Mars.[7][8][9]He,1
linksHistoryMain,1
article:History,1
SpaceXSee,1
also:List,1
launches2001–2004:,1
FoundingIn,1
"2001,Elon",1
MuskconceptualizedMars,1
"Oasis,",1
miniature,1
experimentalgreenhouseand,1
growplantson,1
software,1
believed,1
Defenseunder,1
funding.[16][17]The,1
reliability,1
access,1
"tospace,",1
ultimately,1
factor,1
ten.[15]2005–2009:,1
launchesMain,1
article:Falcon,1
1The,1
successfulFalcon,1
1launch,1
2008SpaceX,1
expendable,1
goals,1
two-stage-to-orbitsmall-lift,1
US$90,1
million[18]to,1
million.[19]In,1
pursue,1
"decade,",1
later,1
spacecraft.[20]In,1
"2006,",1
selected,1
theCOTS,1
program.[21]The,1
improve,1
job.[14]Musk,1
significantly,1
"Segundo,",1
price.[11]In,1
staff,1
approached,1
engineerTom,1
Mueller(later,1
"propulsion),",1
partner.,1
Mueller,1
agreed,1
born.[12]SpaceX,1
warehouse,1
inEl,1
160,1
"hire,",1
employees.[13]Musk,1
interviewed,1
far,1
convincingLarry,1
Pageto,1
aGoogleemployee,1
fromSan,1
FranciscotoLos,1
Angelesso,1
employee's,1
"spouse,",1
potential,1
kN,1
"(16,000",1
thrust.,1
"two,",1
astronautAkihiko,1
"Hoshide,",1
andESAastronautThomas,1
Pesquet.[204]TheCrew-2mission,1
2021.[205]National,1
defenseLaunch,1
theSTP-2mission,1
2019In,1
anIndefinite,1
Delivery/Indefinite,1
Quantity(IDIQ),1
allowing,1
Forceto,1
company.[206]In,1
"2008,NASAannounced",1
IDIQ,1
"billion,",1
depending,1
awarded.,1
covers,1
ordered,1
2012.[207]Musk,1
announcement,1
sold,1
variousFalconvehicles.[207]In,1
Defense(DoD).,1
ForceSpace,1
JAXA,1
"McArthur,",1
Megan,1
BehnkenandDoug,1
station.[196]SpaceX,1
aPad,1
"Test,",1
2015.[197]In,1
NASA.[198]In,1
splashed,1
Ocean.[199]In,1
anin-flight,1
simulated,1
scenario.[200]On,1
Demo-2mission,1
astronautsBob,1
"Hurley,",1
KimbroughandK.,1
theISS.[201]TheCrew-1mission,1
Stationon,1
withNASAastronautsMichael,1
"Hopkins,Victor",1
GloverandShannon,1
Walkeralong,1
withJAXAastronautSoichi,1
"Noguchi,[202]all",1
-,1
64crew.[203]On,1
"2021,Crew-2was",1
astronautsShane,1
Centerawarded,1
EELV-class,1
missions:Deep,1
handle,1
2017.[214]In,1
US$297,1
slated,1
FY,1
2021.[215]On,1
theU.S.,1
Forceawarded,1
(NSSL),1
5–7,1
years.,1
US$316,1
launch.,1
military's,1
Office(NRO),1
requirements,1
period.[216]Space,1
tourismInspiration4was,1
ahuman,1
spaceflightmission,1
ofShift4,1
PaymentsCEOJared,1
Isaacman.,1
DragonResilienceon,1
FloridaKennedy,1
Center'sLaunch,1
39Aatop,1
taking,1
Reconnaissance,1
Climate,1
byUnited,1
Observatory(DSCOVR),1
andSpace,1
2(STP-2).,1
DSCOVR,1
STP-2,1
Heavyon,1
2019.[208]In,1
v1.1was,1
forNational,1
"Launch(NSSL),",1
allows,1
security.[101]This,1
payloads.[209]In,1
U.S.National,1
2ndGPS,1
3satellite,1
US$82.7,1
million.[210]This,1
similar,1
previous,1
missions.[211]SpaceX,1
3rd,1
2020.[212]In,1
US$290,1
III,1
satellites.[213]In,1
"six,",1
requires,1
entering,1
"certification,",1
"alone,",1
represents,1
contract.[64]NASACOTSMain,1
ServicesThe,1
byCanadarm2.In,1
NASACommercial,1
demonstrate,1
"Station(ISS),",1
possible,1
transport.[181]Through,1
"""seed",1
"money""",1
Agreements,1
"capabilities,",1
paid,1
US$396,1
self-invested,1
US$500,1
vehicle.[182]TheseSpace,1
Agreementshave,1
shown,1
saved,1
millions,1
dollars,1
"costs,",1
~4–10,1
cheaper,1
payloads.,1
(EELV),1
Vehicle-class,1
County),1
"30,000",1
"(2,800",1
Washington.,1
Redmond,1
"40,625",1
"(3,774.2",1
laboratory,1
satellites.[178]In,1
(740,1
creative,1
"inIrvine,",1
California(Orange,1
communications.[179][180]ContractsFurther,1
Expendable,1
information,1
launches:Falcon,1
§,1
"manifest,List",1
andList,1
flightsSpaceX,1
actual,1
fromNASAfor,1
developed.,1
forU.S.,1
militarylaunches,1
ofEvolved,1
produced,1
alone.[183]In,1
"1mission,",1
responsible,1
phaseof,1
awardees.,1
upgradedDragon,1
2spacecraft.[190][191]In,1
XLspacecraft,1
theLunar,1
station.,1
Heavy.[192]Commercial,1
crewMain,1
DevelopmentCrew,1
undergoing,1
flightSpaceX,1
(CCDev),1
andDragonwas,1
"2011,[193][194]followed",1
itsDragon,1
2spacecraft.[195]In,1
chose,1
Boeing,1
systems,1
ISS.[196]SpaceX,1
US$2.6,1
certify,1
aboard.,1
Once,1
achieves,1
Asecond,1
departed,1
spacecraft.[184]Dragon,1
2016.[186]SpaceX,1
duringSpaceX,1
2in,1
aprivate,1
spacecraft.[185]Commercial,1
cargoMain,1
articles:Commercial,1
ServicesandGateway,1
Services(CRS),1
spacecraft.,1
US$1.6,1
covering,1
deliveries,1
"CRS-1,",1
"CRS-20,",1
"days,",1
beforere-entering,1
atmosphereand,1
splashing,1
Pacific,1
Ocean.[187]CRS,1
twice,1
then.,1
ordering,1
twenty,1
ISS.[188][186][189]The,1
"mission,SpaceX",1
placed,1
Dragoncapsuleintolow,1
theResiliencesplashed,1
Ocean.,1
"a{background:linear-gradient(transparent,transparent),url(""//upload.wikimedia.org/wikipedia/commons/a/aa/Lock-red-alt-2.svg"")right",1
".cs1-subscription,.mw-parser-output",1
.cs1-registration{color:#555}.mw-parser-output,1
.cs1-subscription,1
"span,.mw-parser-output",1
.cs1-registration,1
span{border-bottom:1px,1
dotted;cursor:help}.mw-parser-output,1
.cs1-ws-icon,1
"a{background:linear-gradient(transparent,transparent),url(""//upload.wikimedia.org/wikipedia/commons/4/4c/Wikisource-logo.svg"")right",1
center/12px,1
code.cs1-code{color:inherit;background:inherit;border:none;padding:inherit}.mw-parser-output,1
.cs1-hidden-error{display:none;font-size:100%}.mw-parser-output,1
.cs1-visible-error{font-size:100%}.mw-parser-output,1
.cs1-maint{display:none;color:#33aa33;margin-left:0.3em}.mw-parser-output,1
.cs1-format{font-size:95%}.mw-parser-output,1
".cs1-kern-left,.mw-parser-output",1
.cs1-kern-wl-left{padding-left:0.2em}.mw-parser-output,1
".cs1-kern-right,.mw-parser-output",1
.cs1-kern-wl-right{padding-right:0.2em}.mw-parser-output,1
".mw-selflink{font-weight:inherit}""California",1
Search,1
(C2414622,1
"Corp)"".",1
Secretary,1
State.Archivedfrom,1
"May2018.^""Who",1
.cs1-lock-subscription,1
.id-lock-subscription,1
"a{background:linear-gradient(transparent,transparent),url(""//upload.wikimedia.org/wikipedia/commons/d/d6/Lock-gray-alt-2.svg"")right",1
alsoBlue,1
Ventures,1
fund[232]2010[233]Antonio,1
GraciasCEO,1
Investment,1
Valor,1
Equity,1
Partners[234]2015[235]Donald,1
HarrisonPresident,1
partnerships,1
corporate,1
"development,",1
Google[236]See,1
OriginHuman,1
.cs1-lock-registration,1
MarsList,1
spacecraftSpace,1
colonizationVirgin,1
GalacticReferences^.mw-parser-output,1
cite.citation{font-style:inherit}.mw-parser-output,1
"q{quotes:""\""""""\""""""'""""'""}.mw-parser-output",1
.id-lock-free,1
.cs1-lock-free,1
"a{background:linear-gradient(transparent,transparent),url(""//upload.wikimedia.org/wikipedia/commons/6/65/Lock-green.svg"")right",1
.id-lock-limited,1
.id-lock-registration,1
.cs1-lock-limited,1
big?,1
Business|,1
Economy,1
"Equation?"".",1
"Foundation"".",1
Foundation.,1
March2017.^abElon,1
"2009).""Risky",1
"Business"".",1
IEEE,1
Spectrum.Archivedfrom,1
March2017.^abcdAndrew,1
Chaikin,1
(January,1
"2012).""Is",1
Changing,1
Smithsonian.,1
"2001).""Elon",1
March2017.^abcdAshlee,1
Vance,1
killed,1
"Tesla"".Bloomberg.com.",1
"2009).""Behind",1
Scenes,1
Ambitious,1
"Makers"".",1
March2017.^Podcast:,1
Prospects,1
LauncherArchivedJune,1
"10,",1
Life,1
McKnight,1
German,1
cnbc.com.,1
perspective,1
DW,1
"27.05.2020"".Archivedfrom",1
"May2020.^""Gwynne",1
Shotwell:,1
Profile,1
"Biography"".",1
"revenue,",1
$2,1
"year,",1
Jefferies,1
"estimates"".",1
May2019.^Fred,1
Carter,1
Lambert,1
stake,1
actually,1
"shares"".Archivedfrom",1
Response,1
DOJ,1
Hiring,1
"Subpoena"".Archivedfrom",1
June2021.^abMiles,1
O'Brien,1
"Unedited"".",1
March2017.^abJohn,1
"JurvetsonCo-founder,",1
PayPal[231]2009[229]Steve,1
"NosekCo-founder,",1
andInternational,1
especially,1
forcommunication,1
satellitesflying,1
togeostationary,1
"orbit(GTO),",1
pressure,1
competitors,1
prices.[10]Prior,1
"2013,",1
comsat,1
byArianespace(flying,1
5),1
Services(flying,1
competitionSpaceX's,1
theProton).[218]With,1
published,1
US$56.5,1
cheapest,1
industry.[219]European,1
operators,1
pushing,1
theEuropean,1
Agency(ESA),1
reduce,1
prices,1
5and,1
"prices,",1
article:Space,1
6rockets,1
sinceSTS-103in,1
spaceflightwith,1
citizens,1
charitable,1
effort,1
ofSt.,1
Jude,1
Children's,1
"HospitalinMemphis,",1
Tennessee.,1
585,1
(364,1
"mi),",1
1999,1
pressureMain,1
fifth-highest,1
human,1
overall.,1
received,1
lessons,1
"mechanics,",1
operating,1
microgravity,1
"environment,",1
stress,1
emergency-preparedness,1
simulations.[217]Launch,1
futureAriane,1
SpaceX.[220]In,1
SpaceX[230]2009[229]Luke,1
directorsas,1
contracting,1
"processes,",1
more.[183]In,1
administratorJim,1
Bridenstineremarked,1
thanks,1
investments,1
70%,1
"market,",1
improvement,1
country.[224]Board,1
directorsSpaceXboard,1
2021[225]Joined,1
agency,1
BoardNameTitles2002[226]Elon,1
"MuskFounder,",1
"Chairman,",1
SpaceX;,1
"CEO,Product",1
"Architect,",1
ofTesla;,1
ofSolarCity[226]2002[227]Kimbal,1
MuskBoard,1
"member,",1
Tesla[228]2009[229]Gwynne,1
ShotwellPresident,1
US$4,1
US$390,1
booked,1
half.[222][223]Congressional,1
RussianProtonrocket.[43]SpaceX,1
compete,1
anticipating,1
slump,1
"domestic,",1
"military,",1
spy,1
go,1
unless,1
orders.[221]To,1
"end,",1
processes,1
testimony,1
"numbers,",1
suggested,1
NASASpace,1
Agreementprocess,1
"""setting",1
high-level,1
requirement,1
[while],1
details,1
"industry""",1
substantially,1
According,1
independently,1
business.,1
information:StarlinkIn,1
Initial,1
super-heavy,1
decreasing,1
passengerYusaku,1
Maezawahas,1
tofly,1
Moonin,1
2023.[130]The,1
vision,1
humancolonization,1
Mars.[131][132][133]StarlinkMain,1
article:Starlink60,1
stacked,1
together,1
deployment.Starlink,1
cross-linkedcommunications,1
satellitesin,1
Owned,1
increase,1
profitability,1
cash,1
"flow,",1
buildits,1
colony.[134]Development,1
prototypetest-flightsatellites,1
SpaceXPaz,1
satellitemission,1
9.[135]By,1
1737,1
drastically,1
performance,1
improving,1
uses.,1
comprises,1
called,1
supersede,1
hardware,1
2020s.[127][128]SpaceX,1
initially,1
envisioned,1
12-meter-diameter,1
ITS,1
concept,1
solely,1
transit,1
articulated,1
aims,1
smaller,1
9-meter-diameter,1
replace,1
"Earth-orbit,",1
"lunar-orbit,",1
"potentially,",1
intercontinental,1
markedly,1
structure.[129]In,1
stainless,1
ofcarbon,1
"fiberconstruction,",1
satellites.[136]Initial,1
2020.[137]In,1
filed,1
orbit.[147][148]However,1
scientific,1
observations.[145]In,1
"response,",1
implemented,1
upgrades,1
operation.[146]The,1
employed,1
creates,1
dangers,1
ofspace,1
debriscollisionsresulting,1
thousands,1
equipped,1
wavelengths,1
krypton-fueledHall,1
thrusterswhich,1
tode-orbitat,1
life.,1
avoid,1
collisions,1
uplinked,1
tracking,1
data.[149]Other,1
projectsMain,1
article:Hyperloop,1
pod,1
interfering,1
optical,1
theFederal,1
communicate,1
Commissionplans,1
field,1
"7,518V-bandsatellites",1
non-geosynchronous,1
orbitsto,1
services.[138]In,1
sibling,1
"company,SpaceX",1
"Services,",1
license,1
"1,000,000fixedsatellite",1
stations,1
system.[139]TheFederal,1
"pollution,[142][143][144]with",1
Commission(FCC),1
US$900,1
network.,1
35,1
states.[140]On,1
collaborated[141]to,1
customers.ControversiesThe,1
ofStarlinksatellites,1
criticized,1
astronomers,1
concerns,1
overlight,1
asStarship.,1
prototype.SpaceX,1
facilityFurther,1
SN9,1
2The,1
SpaceX'sCrew,1
"Dragonspacecraft,",1
Developmentprogram.SpaceX,1
Station.,1
Thefirst,1
version,1
2010.[31]The,1
generation,1
asDragon,1
conductedits,1
without,1
followed,1
bya,1
flightof,1
2020.[118][75]Dragon,1
transporting,1
orbit.[119]On,1
flewthe,1
variant,1
2to,1
flight.,1
renewed,1
NASA.[120]On,1
carry,1
pressurized,1
unpressurized,1
DragonandDragon,1
spacecraftMain,1
2021.[117]Dragon,1
oxygen,1
retropropulsive,1
"however,",1
scrapped,1
parachute,1
descent,1
andsplashdownat,1
sea.[113]First,1
firing,1
subscaleRaptordevelopment,1
"McGregor,",1
Texas.Raptor,1
liquid,1
liquidmethane-fueledfull-flow,1
ft).[116]SpaceX,1
cycleengines,1
in-developmentStarshiplaunch,1
system.[105]Development,1
versions,1
test-fired,1
2016.[114]On,1
"itsStarhoppervehicle,",1
tethered,1
ground.[115]In,1
powering,1
theStarhoppervehicle,1
(66,1
experiments,1
plannedLunar,1
aGateway,1
2020s,1
predetermined,1
propulsion,1
systems.[124]When,1
propellent,1
margins,1
"(RTLS),",1
platform,1
"ocean,",1
calledautonomous,1
ships(ASDS).[125]SpaceX,1
introducefloating,1
platforms.,1
sea,1
thefirst,1
second-generation,1
vehicle:,1
"system,",1
consisting,1
purchasedtwo,1
deepwater,1
rigsand,1
refitting,1
launches.[126]StarshipMain,1
"infrastructure,SpaceX",1
andStarship,1
historySpaceX,1
stageof,1
routinely,1
Services(GLS),1
twelve,1
contract.[121]NASA,1
sample,1
collection,1
"materials,",1
spacesuits,1
surface,1
theMoon.,1
Heavyand,1
"5,000",1
"(11,000",1
Gateway.,1
stay,1
months,1
CRS-6.SpaceX,1
inside,1
outside,1
vessel,1
"remotely,",1
present.[122][123]Autonomous,1
shipsMain,1
"program,Falcon",1
"tests,",1
andAutonomous,1
shipAnautonomous,1
shipin,1
position,1
competitionIn,1
sponsor,1
"aHyperloopcompetition,",1
1.6,1
threeorbitallaunch,1
atCape,1
"Station,Vandenberg",1
andKennedy,1
"Center,",1
see,1
niche,1
sufficient,1
pad.[164]The,1
highly,1
inclined,1
"(66–145°),",1
medium,1
(28.5–51.6°).[165]Before,1
"retired,",1
allFalcon,1
1launches,1
took,1
theRonald,1
Reagan,1
Ballistic,1
Defense,1
SiteonOmelek,1
Island.[166]Cape,1
StationIn,1
2007,1
USAF,1
LZ2.SpaceX,1
onLZ1and,1
Boosters,1
hours,1
testing.,1
improvements,1
acreage,1
purchasing,1
pieces,1
farmland.,1
half-acre,1
concrete,1
Grasshopper,1
program.[160]As,1
"2012[update],",1
"""18",1
"day,",1
Side,1
days,1
"week""[161]and",1
next,1
years.[162]In,1
routine,1
capsules,1
(following,1
"mission),",1
shipped,1
"de-fueling,",1
"cleanup,",1
missions.[163]Launch,1
ofCape,1
40(SLC-40),1
SpaceX.[167]The,1
building.Main,1
lease,1
forLaunch,1
39A.[171]The,1
pad,1
supportFalcon,1
Heavylaunches.,1
itsfirst,1
missionto,1
39A,1
2020.[172]Boca,1
TexasThe,1
assembly,1
siteSpaceX,1
CenterOn,1
flies,1
2021.[173]SpaceX,1
Texasin,1
2014.[174][175]TheFederal,1
Administration(FAA),1
2014.[176]SpaceX,1
ground,1
latter,1
half,1
"2015,[177]with",1
firstsuborbitallaunches,1
2019.[158]Satellite,1
20-year,1
2018.[170]Kennedy,1
mainly,1
coast,1
geostationary,1
SLC-40,1
supporting,1
formerLaunch,1
13at,1
"Canaveral,",1
renamedLanding,1
designated,1
9first-stage,1
landings.[168]Vandenberg,1
BaseSpaceX,1
west,1
atVandenberg,1
"boosters,",1
"ofCASSIOPE,",1
2013.Vandenberg,1
4(SLC-4E),1
leased,1
polar,1
"Heavy,[169]but",1
cannot,1
neighboring,1
SLC-4W,1
converted,1
Landing,1
landed,1
9engine,1
forFalcon,1
stand,1
v1.1rocket,1
"isheadquarteredinHawthorne,",1
serves,1
plant.,1
owns,1
development.,1
regional,1
offices,1
"Virginia,",1
D.C.[64]SpaceX,1
incorporated,1
state,1
"ofDelaware.[156]Headquarters,",1
2014.SpaceX,1
virus.[154][155]FacilitiesThe,1
theLos,1
Angelessuburb,1
"ofHawthorne,",1
three-story,1
byNorthrop,1
Corporationto,1
buildBoeing,1
"747fuselages,[157]houses",1
"space,",1
"control,",1
"and,",1
facilities.[158]The,1
California.SpaceX,1
protection,1
concentrations,1
participate,1
(0.99,1
mi),1
longsubscaletest,1
competitive,1
events.[150][151]The,1
annual,1
competitions,1
2017.[152][153]In,1
collaboration,1
doctors,1
academic,1
"researchers,",1
aCOVID-19antibody-testing,1
lasting,1
4300,1
volunteered,1
blood-samples,1
apeer-reviewedscientific,1
paper,1
crediting,1
eight,1
coauthors,1
suggesting,1
certain,1
level,1
antibodies,1
area,1
"headquarters,",1
refitted,1
onrocket,1
"stages,spacecraft,",1
principalavionicsand,1
allsoftwarein-house,1
unusual,1
"Nevertheless,",1
still,1
"3,000",1
weekly.[159]Development,1
FacilitySpaceX,1
"bunker,",1
2012SpaceX,1
tested,1
"stands,",1
itsrocket,1
low-altitudeVTVLflight,1
9Grasshopperv1.0,1
andF9R,1
Dev1test,1
2013–2014,1
carried,1
McGregor.,1
Testing,1
"sitenearBrownsville,",1
Texas.[158]The,1
fromBeal,1
"Aerospace,",1
"engines,rocket",1
builds,1
"facilities,",1
"Martin,BAE",1
and/or,1
subsidiaries,1
"U.S.,",1
includingBoeing/McDonnell,1
Douglasmain,1
"campuses,Aerospace",1
"Corp.,Raytheon,",1
NASA'sJet,1
"Laboratory,United",1
Force'sSpace,1
CenteratLos,1
"Base,Lockheed",1
"Systems,Northrop",1
engines.[10]SpaceX,1
"Grumman,",1
"andAECOM,",1
"etc.,",1
pool,1
engineers,1
college,1
engineering,1
graduates.[157]SpaceX,1
utilizes,1
degree,1
ofvertical,1
integrationin,1
"company""}(RLQ=window.RLQ||[]).push(function(){mw.config.set({""wgBackendResponseTime"":193,""wgHostname"":""mw1354""});});",1
