SpaceX,145
-,1
"Wikipediadocument.documentElement.className=""client-js"";RLCONF={""wgBreakFrames"":!1,""wgSeparatorTransformTable"":["""",""""],""wgDigitTransformTable"":["""",""""],""wgDefaultDateFormat"":""dmy"",""wgMonthNames"":["""",""January"",""February"",""March"",""April"",""May"",""June"",""July"",""August"",""September"",""October"",""November"",""December""],""wgRequestId"":""0998285a-8938-4fb2-9b13-949b9b61720d"",""wgCSPNonce"":!1,""wgCanonicalNamespace"":"""",""wgCanonicalSpecialPageName"":!1,""wgNamespaceNumber"":0,""wgPageName"":""SpaceX"",""wgTitle"":""SpaceX"",""wgCurRevisionId"":1049877423,""wgRevisionId"":1049877423,""wgArticleId"":832774,""wgIsArticle"":!0,""wgIsRedirect"":!1,""wgAction"":""view"",""wgUserName"":null,""wgUserGroups"":[""*""],""wgCategories"":[""Webarchive",1
template,2
wayback,2
"links"",""Source",1
"attribution"",""All",1
articles,6
dead,10
external,6
"links"",""Articles",1
links,3
August,32
"2021"",""Articles",1
permanently,2
"links"",""CS1",1
maint:,3
bot:,3
original,193
URL,3
status,3
"unknown"",""CS1",1
errors:,2
missing,2
"periodical"",""Articles",1
short,3
"description"",",1
"""Short",1
description,2
matches,2
"Wikidata"",""Wikipedia",1
pages,2
semi-protected,2
"vandalism"",""Use",1
American,7
English,2
"2019"",""All",1
Wikipedia,2
written,2
"English"",""Use",1
dmy,2
dates,2
September,41
"2020"",""Coordinates",1
"Wikidata"",""Pages",1
using,7
infobox,2
company,37
trading,2
"name"",""Articles",1
containing,6
potentially,4
dated,4
statements,2
October,20
"2012"",""All",1
"statements"",""Commons",1
category,2
link,2
"Wikidata"",""Articles",1
GND,2
"identifiers"",""Articles",8
ISNI,2
VIAF,2
BIBSYS,2
LCCN,2
NKC,2
NLI,2
WORLDCATID,2
video,2
"clips"",""SpaceX"",""2002",1
establishments,2
"California"",""Aerospace",1
companies,13
United,7
"States"",""American",1
established,6
"2002"",""Commercial",1
launch,96
service,6
"providers"",""Companies",1
based,8
Los,11
Angeles,8
"County,",3
"California"",""Elon",1
"Musk"",",1
"""Hawthorne,",1
"California"",""Hyperloop"",""Manufacturing",1
Greater,6
"Angeles"",""Manufacturing",1
"2002"",""Private",1
spaceflight,4
"companies"",""Science",1
technology,5
"Angeles"",""Spacecraft",1
"manufacturers"",""Technology",1
"Angeles"",""Technology",1
"2002""],""wgPageContentLanguage"":""en"",""wgPageContentModel"":""wikitext"",""wgRelevantPageName"":""SpaceX"",""wgRelevantArticleId"":832774,""wgIsProbablyEditable"":!1,""wgRelevantPageIsProbablyEditable"":!1,""wgRestrictionEdit"":[""autoconfirmed""],""wgRestrictionMove"":[],""wgFlaggedRevsParams"":{""tags"":{""status"":{""levels"":-1}}},""wgMediaViewerOnClick"":!0,""wgMediaViewerEnabledByDefault"":!0,""wgPopupsFlags"":10,""wgVisualEditor"":{""pageLanguageCode"":""en"",""pageLanguageDir"":""ltr"",""pageVariantFallbacks"":""en""},""wgMFDisplayWikibaseDescriptions"":{""search"":!0,""nearby"":!0,""watchlist"":!0,""tagline"":!1},""wgWMESchemaEditAttemptStepOversample"":!1,""wgULSCurrentAutonym"":""English"",",1
"""wgNoticeProject"":""wikipedia"",""wgCoordinates"":{""lat"":33.9207,""lon"":-118.3278},""wgEditSubmitButtonLabelPublish"":!0,""wgULSPosition"":""interlanguage"",""wgULSisCompactLinksEnabled"":!0,""wgGENewcomerTasksGuidanceEnabled"":!0,""wgGEAskQuestionEnabled"":!1,""wgGELinkRecommendationsFrontendEnabled"":!1,""wgCentralAuthMobileDomain"":!1,""wgWikibaseItemId"":""Q193701""};RLSTATE={""ext.globalCssJs.user.styles"":""ready"",""site.styles"":""ready"",""user.styles"":""ready"",""ext.globalCssJs.user"":""ready"",""user"":""ready"",""user.options"":""loading"",""ext.cite.styles"":""ready"",""ext.tmh.thumbnail.styles"":""ready"",""skins.vector.styles.legacy"":""ready"",""jquery.tablesorter.styles"":""ready"",""jquery.makeCollapsible.styles"":""ready"",""ext.visualEditor.desktopArticleTarget.noscript"":""ready"",""ext.uls.interlanguage"":""ready"",""ext.wikimediaBadges"":""ready"",""wikibase.client.init"":""ready""};RLPAGEMODULES=[""ext.cite.ux-enhancements"",""mw.MediaWikiPlayer.loader"",""mw.PopUpMediaTransform"",""mw.TMHGalleryHook.js"",""site"",""mediawiki.page.ready"",",1
"""jquery.tablesorter"",""jquery.makeCollapsible"",""mediawiki.toc"",""skins.vector.legacy.js"",""ext.gadget.ReferenceTooltips"",""ext.gadget.charinsert"",""ext.gadget.extra-toolbar-buttons"",""ext.gadget.refToolbar"",""ext.gadget.switcher"",""mmv.head"",""mmv.bootstrap.autostart"",""ext.popups"",""ext.visualEditor.desktopArticleTarget.init"",""ext.visualEditor.targetLoader"",""ext.eventLogging"",""ext.wikimediaEvents"",""ext.navigationTiming"",""ext.uls.compactlinks"",""ext.uls.interface"",""ext.cx.eventlogging.campaigns"",""ext.centralNotice.geoIP"",""ext.centralNotice.startUp"",""ext.centralauth.centralautologin"",""ext.growthExperiments.SuggestedEditSession""];(RLQ=window.RLQ||[]).push(function(){mw.loader.implement(""user.options@1hzgi"",function($,jQuery,require,module){/*@nomin*/mw.user.tokens.set({""patrolToken"":""+\\"",""watchToken"":""+\\"",""csrfToken"":""+\\""});",1
});});SpaceXFrom,1
"Wikipedia,",1
free,2
encyclopediaJump,1
navigationJump,1
searchAmerican,1
private,21
aerospace,5
company.mw-parser-output,1
.hatnote{font-style:italic}.mw-parser-output,1
div.hatnote{padding-left:1.6em;margin-bottom:0.5em}.mw-parser-output,1
.hatnote,1
i{font-style:normal}.mw-parser-output,1
.hatnote+link+.hatnote{margin-top:-0.5em}This,1
article,17
rocket,39
manufacturer.,1
For,6
British,1
art,1
"gallery,",1
seeSpacex,1
(art,1
"gallery).""Space",1
Exploration,7
"Technologies""",1
redirects,1
here.,1
general,1
"topics,",1
seeSpace,1
explorationandSpace,1
technology..mw-parser-output,1
.infobox-subbox{padding:0;border:none;margin:-3px;width:auto;min-width:100%;font-size:100%;clear:none;float:none;background-color:transparent}.mw-parser-output,1
.infobox-3cols-child{margin:auto}Space,1
Technologies,6
Corp.Headquarters,1
December,45
2017;,1
plumes,1
flight,19
Falcon,93
9,75
visible,1
overheadTrade,1
"nameSpaceXTypePrivateIndustryAerospace,CommunicationsFounded6",1
May,71
2002;,1
19,13
years,2
ago(2002-05-06)[1]FounderElon,1
"MuskHeadquartersHawthorne,",1
"California,United",1
States.mw-parser-output,1
".geo-default,.mw-parser-output",1
".geo-dms,.mw-parser-output",1
.geo-dec{display:inline}.mw-parser-output,1
".geo-nondefault,.mw-parser-output",1
.geo-multi-punct{display:none}.mw-parser-output,1
".longitude,.mw-parser-output",1
.latitude{white-space:nowrap}33°55′15″N118°19′40″W﻿,1
/,5
﻿33.9207°N,2
118.3278°W﻿,2
/33.9207;,2
-118.3278Coordinates:33°55′15″N118°19′40″W﻿,1
-118.3278Key,1
peopleElon,2
"Musk(CEOandCTO,",1
2002–present)[2]Gwynne,1
Shotwell(PresidentandCOO)[3]ProductsSeveral,1
vehiclesSeveral,1
enginesDragon,1
capsulesStarship(in,1
development)StarlinkASDS,1
landing,20
platformsServicesOrbitalrocket,1
"launch,satellite",1
internetRevenueUS$2,1
billion,17
(2018)[4]OwnerElon,1
Musk,31
Trust(54%,1
equity;,1
78%,1
voting,1
control)[5]Number,1
employeesOver,1
"9,500[6](February",1
2021)Websitewww.spacex.com.mw-parser-output,1
.sidebar{width:22em;float:right;clear:right;margin:0.5em,1
0,2
1em,6
1em;background:#f8f9fa;border:1px,1
solid,3
#aaa;padding:0.2em;text-align:center;line-height:1.4em;font-size:88%;border-collapse:collapse;display:table}body.skin-minerva,1
.mw-parser-output,2
.sidebar{display:table!important;float:right!important;margin:0.5em,1
1em!important}.mw-parser-output,1
.sidebar-subgroup{width:100%;margin:0;border-spacing:0}.mw-parser-output,1
.sidebar-left{float:left;clear:left;margin:0.5em,1
0}.mw-parser-output,2
.sidebar-none{float:none;clear:both;margin:0.5em,1
.sidebar-outer-title{padding:0,1
0.4em,6
0.2em;font-size:125%;line-height:1.2em;font-weight:bold}.mw-parser-output,1
.sidebar-top-image{padding:0.4em}.mw-parser-output,1
".sidebar-top-caption,.mw-parser-output",1
".sidebar-pretitle-with-top-image,.mw-parser-output",1
.sidebar-caption{padding:0.2em,1
0;line-height:1.2em}.mw-parser-output,2
.sidebar-pretitle{padding:0.4em,1
".sidebar-title,.mw-parser-output",1
.sidebar-title-with-pretitle{padding:0.2em,1
0.8em;font-size:145%;line-height:1.2em}.mw-parser-output,1
.sidebar-title-with-pretitle{padding:0.1em,1
0.4em}.mw-parser-output,5
.sidebar-image{padding:0.2em,1
.sidebar-heading{padding:0.1em,1
.sidebar-content{padding:0,1
0.5em,1
.sidebar-content-with-subgroup{padding:0.1em,1
0.2em}.mw-parser-output,1
".sidebar-above,.mw-parser-output",2
.sidebar-below{padding:0.3em,1
0.8em;font-weight:bold}.mw-parser-output,1
.sidebar-collapse,2
.sidebar-below{border-top:1px,1
#aaa;border-bottom:1px,1
#aaa}.mw-parser-output,1
.sidebar-navbar{text-align:right;font-size:115%;padding:0,1
.sidebar-list-title{padding:0,1
0.4em;text-align:left;font-weight:bold;line-height:1.6em;font-size:105%}.mw-parser-output,1
.sidebar-list-title-c{padding:0,1
0.4em;text-align:center;margin:0,1
3.3em}@media(max-width:720px){body.mediawiki,1
.sidebar{width:100%!important;clear:both;float:none!important;margin-left:0!important;margin-right:0!important}}This,1
part,8
ofa,1
series,5
aboutElon,1
MuskAwards,1
"honorsViewsCompaniesZip2X.comPayPalSpaceXTesla,",1
Inc.Tesla,1
EnergyOpenAINeuralinkThe,1
Boring,8
CompanyIn,1
popular,1
cultureElon,2
MuskLudicrousPower,1
"Play""Members",1
"Only""""The",1
Who,2
Fell,2
"Earth""""One",1
Crew,21
Crewcoo's,2
"Morty""RelatedBoring",1
Test,9
TunnelCriticism,1
TeslaMaye,1
MuskHyperloopTesla,1
Roadster,2
spaceTSLAQ.mw-parser-output,1
.navbar{display:inline;font-size:88%;font-weight:normal}.mw-parser-output,1
.navbar-collapse{float:left;text-align:left}.mw-parser-output,1
.navbar-boxtext{word-spacing:0}.mw-parser-output,1
.navbar,2
ul{display:inline-block;white-space:nowrap;line-height:inherit}.mw-parser-output,1
".navbar-brackets::before{margin-right:-0.125em;content:""[",1
"""}.mw-parser-output",1
".navbar-brackets::after{margin-left:-0.125em;content:""",1
"]""}.mw-parser-output",1
li{word-spacing:-0.125em}.mw-parser-output,1
.navbar-mini,1
abbr{font-variant:small-caps;border-bottom:none;text-decoration:none;cursor:inherit}.mw-parser-output,1
.navbar-ct-full{font-size:114%;margin:0,1
7em}.mw-parser-output,1
.navbar-ct-mini{font-size:114%;margin:0,1
4em}.mw-parser-output,1
.infobox,1
.navbar{font-size:100%}.mw-parser-output,1
.navbox,1
.navbar{display:block;font-size:100%}.mw-parser-output,1
.navbox-title,1
.navbar{float:left;text-align:left;margin-right:0.5em}vteSpace,1
Corp.(SpaceX),1
Americanaerospace,1
"manufacturer,space",1
transportationservices,1
andcommunicationscorporation,1
headquartered,2
"inHawthorne,",3
California.,3
founded,1
2002,1
byElon,1
Muskwith,1
goal,3
reducing,2
space,23
transportation,4
costs,6
enable,1
thecolonization,1
Mars.,1
manufactures,2
theFalcon,4
9andFalcon,2
Heavylaunch,1
"vehicles,several",1
"engines,Dragoncargo,",1
crew,13
spacecraft,18
andStarlinkcommunications,1
satellites.SpaceX's,1
achievements,5
include,2
first,83
privately,6
fundedliquid-propellant,1
rocketto,1
reach,4
orbit,8
(Falcon,3
1in,1
"2008),",1
successfully,16
"launch,",4
"orbit,",7
recover,3
(Dragonin,1
"2010),",1
send,10
International,7
Space,73
Station,6
(Dragon,1
"2012),",1
firstvertical,1
take-off,1
vertical,3
propulsive,1
landingfor,1
orbital,20
"2015),",1
reuse,5
"2017),",1
astronauts,9
theInternational,13
Station(SpaceX,1
Dragon,42
Demo-2in,1
2020).,1
flown,2
reflown,1
rocketsover,1
one,11
hundred,2
times.SpaceX,1
developing,6
satellite,27
megaconstellation,1
named,2
Starlink,24
provide,13
commercial,23
internet,7
service.,3
In,12
January,34
2020,8
constellation,9
became,3
largest,5
ever,3
launched.,1
also,15
"developingStarship,",1
"funded,fully",1
"reusable,super",1
heavy-lift,2
systemforinterplanetary,1
spaceflight.,1
Starship,24
intended,3
become,5
primary,2
vehicle,15
"operational,",1
supplanting,1
existing,2
"9,",8
Heavy,16
fleet.,1
planned,4
fully,4
reusable,9
highest,2
payload,5
capacity,2
"debut,",1
scheduled,1
early,13
2020s.Contents1History1.12001–2004:,1
Founding1.22005–2009:,1
1,41
launches1.32010–2012:,1
"Dragon,",6
NASA,34
contracts1.42013–2015:,1
Commercial,10
launches,21
rapid,2
growth1.52015–2017:,1
Reusability,2
milestones1.62017–2018:,1
Leading,2
global,7
provider1.72019–present:,1
"Starship,",3
"Starlink,",2
crewed,12
launches1.8Summary,1
achievements2Hardware2.1Launch,1
vehicles2.2Rocket,1
engines2.3Dragon,1
spacecraft2.4Autonomous,1
spaceport,10
drone,9
ships2.5Starship2.6Starlink2.6.1Controversies2.7Other,1
"projects3Facilities3.1Headquarters,",1
"manufacturing,",2
refurbishment,3
facilities3.2Development,1
test,27
facilities3.3Launch,1
facilities3.3.1Cape,1
Canaveral,6
Force,22
Station3.3.2Vandenberg,1
Base3.3.3Kennedy,1
Center3.3.4Boca,1
"Chica,",3
Texas3.4Satellite,1
manufacturing,6
facility4Contracts4.1NASA4.1.1COTS4.1.2Commercial,1
cargo4.1.3Commercial,1
crew4.2National,1
defense4.3Space,1
tourism5Launch,1
market,7
competition,5
pricing,4
pressure6Board,1
directors7See,1
also8References9Further,1
reading10External,1
linksHistoryMain,1
article:History,1
SpaceXSee,1
also:List,1
launches2001–2004:,1
FoundingIn,1
"2001,Elon",1
MuskconceptualizedMars,1
"Oasis,",1
project,2
land,2
miniature,1
experimentalgreenhouseand,1
growplantson,1
Mars.[7][8][9]He,1
announced,13
would,11
"""the",1
farthest,1
life's,1
"traveled""",1
attempt,2
regain,1
public,3
interest,1
exploration,1
increaseNASA's,1
budget.[7][8][9]Musk,1
tried,1
purchase,4
cheap,1
rockets,10
fromRussiabut,1
returned,4
empty-handed,1
failing,1
find,1
affordable,2
price.[10][11]On,1
home,1
realized,1
could,6
start,1
build,3
needed.[11]By,1
applyingvertical,1
"integration,[10]using",1
cheapcommercial,1
off-the-shelfcomponents,1
"possible,[11]and",1
adopting,1
modular,1
approach,1
modern,1
software,1
"engineering,",1
believed,1
significantly,1
cut,3
price.[11]In,1
"2002,",2
started,5
look,2
staff,1
new,18
"company,",4
soon,3
SpaceX.,18
approached,1
engineerTom,1
Mueller(later,1
SpaceX's,19
CTO,2
"propulsion),",1
invited,2
business,6
partner.,1
Mueller,1
agreed,1
work,3
"Musk,",5
thus,3
born.[12]SpaceX,1
warehouse,1
inEl,1
"Segundo,",1
By,3
November,32
"2005,",2
160,1
employees.[13]Musk,1
personally,2
interviewed,1
approved,2
"employees,",2
even,3
going,2
far,1
convincingLarry,1
Pageto,1
transfer,3
aGoogleemployee,1
fromSan,1
FranciscotoLos,1
Angelesso,1
employee's,1
"spouse,",1
potential,1
"hire,",1
take,2
job.[14]Musk,1
stated,3
goals,1
decrease,2
cost,9
improve,1
reliability,1
access,1
"tospace,",1
ultimately,1
factor,1
ten.[15]2005–2009:,1
launchesMain,1
article:Falcon,1
1The,1
successfulFalcon,1
1launch,1
2008SpaceX,1
developed,7
firstorbital,2
"vehicle,",3
"1,",3
funding.[16][17]The,1
expendable,1
two-stage-to-orbitsmall-lift,1
vehicle.,3
The,41
total,8
development,20
approximately,14
US$90,1
million[18]to,1
US$100,2
million.[19]In,1
plans,6
pursue,1
human-rated,2
program,6
end,3
"decade,",1
later,1
theDragon,6
spacecraft.[20]In,1
"2006,",1
two,10
selected,1
cargo,19
resupply,5
demonstration,3
contracts,14
ISS,10
theCOTS,1
program.[21]The,1
purchased,3
theUnited,4
States,9
Department,2
Defenseunder,1
evaluates,1
US,2
vehicles,6
suitable,2
use,8
byDARPA.[17][22][23]The,1
three,11
"rocket,",3
2006,4
"2008,",2
resulted,2
failures.,1
These,2
failures,1
almost,3
ended,2
financing,2
cover,1
"launches;Tesla,SolarCity,",1
nearly,7
bankrupt,1
time,6
well;[24]Musk,1
reportedly,2
"""waking",1
"nightmares,",1
screaming,1
physical,1
"pain""",1
"stress.[25]However,",1
things,1
turn,1
around,5
successful,9
achieved,6
shortly,1
withthe,1
fourth,1
attempton,1
28,13
2008.,5
split,1
remaining,1
$30,1
million,22
"Tesla,",3
awarded,12
firstCommercial,1
Resupply,4
Services,5
(CRS)contract,1
"December,",1
financially,1
saving,1
company.[26]Based,1
factors,1
operations,1
"enabled,",1
retired,3
following,8
itssecond,1
"successful,",1
fifth,1
"total,",1
launchin,1
July,35
2009;,1
allowed,4
focus,2
resources,3
larger,3
9.[27]Gwynne,1
Shotwellwas,1
promoted,1
president,1
"time,",5
role,1
negotiating,1
CRS,6
contract,19
NASA.[28]2010–2012:,1
contractsPlay,1
mediaVideo,1
9Dragon,1
capsule,2
recovery,5
ocean,2
"2010,",3
operational,5
missionCOTS-1SpaceX,1
originally,2
follow,1
light,1
intermediate,1
5.[29]SpaceX,1
instead,2
decided,2
2005,2
proceed,1
heavier,1
lift,2
Development,6
accelerated,1
"byNASA,",1
committed,1
several,5
flights,8
specific,1
capabilities,3
demonstrated.,1
This,5
seed,1
money,1
theCommercial,2
Orbital,5
Transportation,4
Services(COTS),2
2006.[30]The,1
overall,1
award,1
US$278,1
funding,6
"spacecraft,",4
Dragon.[30]As,1
"contract,",3
launched,28
June,50
2010,4
Spacecraft,1
Qualification,1
"Unit,",1
mockup,1
spacecraft.The,1
aboardCOTS,1
Demo,5
Flight,10
9's,1
second,8
"flight,",4
safely,1
toEarthafter,1
"orbits,",1
completing,1
mission,14
objectives.[31]By,1
production,4
line,2
every,2
months.[32]In,1
April,40
"2011,",3
second-roundCommercial,1
Development(CCDev),1
"program,",3
issued,2
US$75,1
develop,8
integratedlaunch,1
escape,4
systemfor,1
preparation,1
human-rating,1
transport,8
ISS.[33]In,1
"2012,",7
"firm,",2
fixed-priceSpace,1
Act,4
Agreement(SAA),1
objective,1
producing,1
detailed,1
design,4
entire,1
system.,1
includes,1
numerous,1
key,2
technical,1
certification,1
"milestones,",1
uncrewed,2
"test,",3
six,4
missions,13
system,6
certification.[34]In,1
two-thirds,1
stock,1
owned,1
Musk[35]and,1
70,1
shares,1
estimated,5
worth,6
US$875,1
onprivate,1
"markets,[36]valuing",1
US$1.3,1
billion.[37]In,1
C2+launch,1
deliver,3
Station.[38]After,1
equity,8
valuation,8
doubled,1
US$2.4,1
US$20/share.[39][40]By,1
operated,7
$1,2
decade,2
operation.,1
Of,3
"this,",1
provided,1
$200,1
"million,",4
investing,1
$100,3
investors,2
put,3
million.[41]SpaceX's,1
active,1
reusability,2
began,7
late,5
2012,4
testing,6
"low-altitude,",1
low-speed,1
aspects,1
technology.[42]TheFalcon,1
prototypesperformed,1
takeoffs,1
landings,2
(VTOL).,1
"High-velocity,",1
high-altitude,1
tests,2
theboosteratmospheric,1
return,4
2013.[42]2013–2015:,1
growthLaunch,1
carrying,2
ORBCOMM,1
"OG2-M1,",1
2014Employees,1
capsuleat,1
HQ,2
"California,",2
February,54
2015SpaceX,1
customer,2
2013.,5
"2014,",3
nine,3
20,16
openly,2
competed,2
worldwide.[43]That,1
year,4
Arianespace,2
requested,1
European,2
governments,1
additionalsubsidiesto,1
face,1
SpaceX.[44][45]Beginning,1
affect,1
U.S.,18
military,3
"payloads,",1
dominated,2
large,7
providerUnited,1
Launch,21
Alliance(ULA).[46]The,1
monopoly,4
provider,3
rise,1
US$400,1
years.[47]In,1
"2015,",8
raised,6
US$1,2
"fromGoogleandFidelity,",1
exchange,1
8.33%,1
establishing,1
US$12,3
billion.[48]The,1
month,1
"constellation,",1
"calledStarlink,",1
broadband,2
"June,",1
asked,1
federal,2
government,2
permission,1
begin,1
"project,",1
aiming,1
"4,425",3
satellites.[49]The,1
major,4
failure,1
seventh,1
"mission,CRS-7exploded",1
minutes,2
flight.[50]The,1
problem,1
traced,1
failed,2
2-foot-long,1
steel,2
strut,2
held,4
aheliumpressure,1
"vessel,",1
broke,3
due,2
force,1
ofacceleration.,1
caused,3
breach,1
high-pressure,1
helium,1
low-pressure,1
propellant,3
"tank,",1
causing,1
failure.[51]2015–2017:,1
milestonesLong-exposure,1
(left),1
(right),1
"20,",1
rocket.Falcon,1
stage,11
anautonomous,1
ship(ASDS),1
barge,1
"sea,SpaceX",1
CRS-8mission.SpaceX,1
2015,5
withFalcon,1
20.[52]In,1
"2016,",4
autonomous,1
ship,2
(ASDS)Of,1
Course,1
I,1
Still,1
Love,1
Youin,1
Atlantic,4
Ocean.[53]By,1
"landings,",1
indicated,3
offering,1
customers,3
10%,4
price,2
discount,1
choose,1
fly,3
reused,6
stage.[54]In,1
exploded,2
fill,2
operation,4
standard,1
pre-launchstatic,1
fire,3
test.[55]The,1
"payload,",1
theAmos-6communications,1
valued,1
US$200,1
destroyed.[56]The,1
explosion,3
theliquid,1
oxygenthat,1
used,13
turning,1
cold,1
solidified,1
ignited,2
withcarbon,1
compositehelium,1
vessels.[57]Though,1
considered,2
unsuccessful,1
sent,1
four-month,1
hiatus,1
worked,1
went,3
wrong.,1
2017.[58]On,1
30,14
March,65
"2017,",6
theSES-10satellite.,1
re-launch,1
payload-carrying,1
back,1
space.[59]The,1
recovered,1
"again,",1
making,3
class,1
rocket.[60]2017–2018:,1
providerIn,1
Company,2
US$350,1
US$21,1
billion.[61]In,1
45%,1
share,3
contracts.[62]By,1
"2018,",5
100,1
manifest,3
representing,1
revenue.[63]The,1
included,2
andgovernment(NASA/DOD),1
customers.[64]This,1
made,3
leading,2
measured,1
manifested,1
launches.[65]In,1
formed,2
"asubsidiary,The",1
"Company,[66]and",1
construct,1
tunnel,1
adjacent,2
headquarters,3
"facility,",4
utilizing,1
small,2
number,6
"employees,[67]which",1
completed,3
"2018,[68]and",1
opened,1
2018.[69]During,1
wasspun,1
outinto,1
separatecorporate,1
entitywith,1
6%,2
"SpaceX,",7
less,2
remainder,1
Elon,16
Musk.[69]2019–present:,1
launchesOn,1
11,8
"2019,",9
lay,2
workforce,2
order,2
help,1
finance,2
theStarshipandStarlinkprojects.[70]Construction,1
initial,3
prototypes,2
2019,6
Florida,1
Texas.,3
All,5
construction,4
moved,1
newSpaceX,1
South,3
Texas,7
sitelater,1
year.,1
batch,2
60,3
"satellites,",1
beginning,1
deployment,2
world's,3
year.[71]SpaceX,1
US$1.33,1
capital,1
across,1
rounds,1
2019.[72]By,1
risen,1
US$33.3,1
billion[73]and,1
reached,3
US$36,1
2020.[74]On,1
"2020,",9
(Doug,1
HurleyandBob,1
Behnken),1
aCrew,1
Dragonspacecraft,1
duringCrew,1
"Demo-2,",1
Stationand,1
marking,1
soil,2
years.[75][76]The,1
fromKennedy,1
Center,2
Complex,6
39A(LC-39A),1
theKennedy,1
CenterinFlorida.[77]On,1
US$1.9,1
"round,",1
single,3
fundraising,1
pushes,1
increased,1
US$46,1
billion.[78][79][80]In,1
"2021,",8
additionalUS$1.61billion,1
round,1
99,1
investors[81]at,1
per,2
value,2
"$420,[80]raising",1
approximatelyUS$74billion.,1
It,5
thanUS$6billion,1
date.,1
capital-intensive,1
phase,1
recent,2
principally,1
support,4
fielding,1
manufacture,2
vehicle.[81]By,1
entered,1
agreements,1
withGoogle,1
Cloud,2
PlatformandMicrosoft,1
Azureto,1
on-ground,1
compute,1
networking,1
services,4
forStarlink.[82]Summary,1
achievementsMajor,1
orbital-class,3
reduction,1
industry.,2
Most,3
notable,1
continued,1
relaunches,1
multi-yearprogram,1
technology.,1
As,5
separate,1
first-stage,3
"boosters,B1049andB1051,",1
ten,3
times,4
respectively.[83]Elon,1
gone,1
say,1
continue,2
push,1
fleet,1
"leader,B1051,",1
past,1
flights.[84]SpaceX,1
result,2
self-funded,1
"efforts,",1
traditionalcost-plus,1
contractingof,1
government.,1
"result,",1
many,3
firsts,1
company.List,1
SpaceXDateAchievementFlight28,1
2008First,1
funded,2
liquid-fueled,3
orbit.[85]Falcon,2
414,1
2009First,1
orbit.RazakSATonFalcon,1
59,1
2010First,1
spacecraft.SpaceX,1
DragononSpaceX,1
COTS,4
125,1
2012First,1
Station(ISS).[86]Dragon,1
C2+22,1
2015First,1
rocket's,3
land.Falcon,1
9B1019onOrbcomm,1
OG2,1
M28,1
2016First,1
platform.Falcon,1
9B1021onSpaceX,1
CRS-830,1
2017First,3
"reuse,",1
reflight,2
(second),1
stage.[59]Falcon,1
9B1021onSES-1030,1
controlled,1
flyback,1
fairing.[87]SES-103,1
re-flight,1
spacecraft.[88]Dragon,1
C106onSpaceX,1
CRS-116,1
2018First,1
intoheliocentric,1
orbit.Elon,1
Musk's,17
Tesla,4
RoadsteronFalcon,1
flight2,1
2019First,4
orbit.Crew,1
Demo-13,1
autonomously,2
dock,2
crew-capable,1
Station(ISS).25,1
afull-flow,1
staged,2
combustion,2
cycle,1
engine(Raptor).[89]Starhopper11,1
fairing.,1
fairing,2
theArabSat-6Amission,1
2019.Starlink,1
2,20
v1.0January,1
2020Largest,1
operator,1
world.[71]Starlink,1
3,15
v1.030,1
2020First,2
humans,2
orbit.[90]Crew,1
Demo-231,1
Station(ISS).[91]24,1
2021Most,1
"mission,",1
143,1
satellites.[a][92]Transporter-1,1
onFalcon,1
917,1
2021First,2
booster,7
'national,2
security',2
mission.,1
(National,1
security,6
previously,1
boosters.)[93]GPS,1
III-05onFalcon,1
B106216,1
all-private,1
crew.[94][95]Inspiration4.mw-parser-output,1
.reflist{font-size:90%;margin-bottom:0.5em;list-style-type:decimal}.mw-parser-output,1
.reflist,1
.references{font-size:100%;margin-bottom:0;list-style-type:inherit}.mw-parser-output,1
.reflist-columns-2{column-width:30em}.mw-parser-output,1
.reflist-columns-3{column-width:25em}.mw-parser-output,1
.reflist-columns{margin-top:0.3em}.mw-parser-output,1
.reflist-columns,2
ol{margin-top:0}.mw-parser-output,1
li{page-break-inside:avoid;break-inside:avoid-column}.mw-parser-output,1
.reflist-upper-alpha{list-style-type:upper-alpha}.mw-parser-output,1
.reflist-upper-roman{list-style-type:upper-roman}.mw-parser-output,1
.reflist-lower-alpha{list-style-type:lower-alpha}.mw-parser-output,1
.reflist-lower-greek{list-style-type:lower-greek}.mw-parser-output,1
.reflist-lower-roman{list-style-type:lower-roman}^Excluding,1
passive,1
objects,1
ofProject,1
West,2
FordHardwareLaunch,1
vehiclesMain,1
article:SpaceX,5
vehiclesThe,1
aFalcon,4
Block,5
5first,1
Cape,4
–VTVLtechnologies,1
utilized,1
vehicles.SpaceX,1
vehicles.,2
small-liftFalcon,1
1was,2
2009.,2
medium-liftFalcon,1
9and,1
heavy-liftFalcon,1
Heavyare,1
operational.,1
TheFalcon,2
capable,4
placing,2
kilograms,2
intolow,1
Earth,11
orbit.,1
five,2
"2009,",1
successfully.[96]It,1
functioned,1
test-bed,1
concepts,2
components,1
9.[96]The,1
"funded,",1
9is,1
anmedium-lift,1
vehiclecapable,2
delivering,4
"22,800",1
"(50,265",1
lb),4
competing,1
theDelta,1
IVand,1
theAtlas,1
"Vrockets,",1
well,1
providers,1
world.,1
nineMerlinengines,1
stage.,2
v1.0rocket,1
4,9
2010.,1
Its,3
third,1
"flight,COTS",1
"2,",2
22,10
firstcommercialspacecraft,1
(ISS).[38]The,1
upgraded,1
toFalcon,2
v1.1in,1
"2013,Falcon",1
Full,1
Thrustin,1
finally,2
5in,1
2018.,15
designed,4
retropropulsively,1
"land,",3
"recovered,",1
reflown.[97]TheFalcon,1
Heavyis,1
aheavy-lift,1
"63,800",1
kg,3
"(140,700",1
toLow,1
orbit(LEO),1
"26,700",1
"(58,900",1
togeosynchronous,1
orbit(GTO).,1
uses,2
slightly,1
modified,3
cores,2
27Merlin,1
1Dengines.[98][99]The,1
flew,2
inaugural,2
6,14
launching,4
personalTesla,1
Roadsterintoheliocentric,1
orbit[100]Both,1
certified,4
conduct,4
theNational,1
Security,4
Launch(NSSL).[101][102]As,1
15,6
129,1
"times,",1
resulting,2
127,1
full,2
"successes,",1
partial,1
"success,one",1
in-flight,1
failure.,1
"addition,",2
experienceda,1
pre-flight,1
failureprior,1
static,3
2016.[103][104]Rocket,1
enginesMain,1
enginesTheMerlin,1
1Dengine,1
undergoes,1
Rocket,7
Facility,2
"inMcGregor,",2
Texas.Since,1
founding,1
severalrocket,1
"engines–Merlin,Kestrel,",1
andRaptorfor,1
inlaunch,1
"vehicles,[105][106]Dracofor",1
thereaction,2
control,2
systemof,2
"spacecraft,[107]andSuperDracofor",1
abort,4
capability,2
inCrew,1
Dragon.[108]Merlin,1
family,2
engines,5
usesliquid,1
oxygen(LOX),1
andRP-1propellants,1
agas-generator,1
power,3
cycle.,1
Merlin,3
1's,1
"stage,",2
stages,3
engine,11
apintleinjector,1
provides,1
deep-throttle,1
landings.,1
Propellants,1
fed,1
via,1
"shaft,",1
dual,1
impellerturbopump.[109][110]Kestrel,1
LOX/RP-1pressure-fedrocket,1
main,1
engine.,1
built,3
pintle,1
architecture,1
"aturbopump,",1
isfed,1
tank,1
pressure.,1
isablatively,1
cooledin,1
chamber,1
"throat,",1
isradiatively,1
cooledon,1
exhaust,1
nozzle.,1
Kestrel's,1
nozzle,1
fabricated,1
high,2
strengthniobiumalloy.[106][111]Draco,1
ahypergolicliquid-propellant,1
utilizesmonomethyl,1
hydrazinefuelandnitrogen,1
tetroxideoxidizer.,1
Each,2
Draco,2
thruster,1
generates,1
400,1
N,1
(90,1
lbf),2
thrust.[112]They,1
theDragonandDragon,1
2spacecraft.[107]SuperDracois,1
hypergolic,1
liquid-propellant,1
"that,",1
like,3
"Draco,",1
usesmonomethyl,1
hydrazineandnitrogen,1
tetroxidepropellants.,1
Eight,1
SuperDraco,3
providelaunch,1
capabilityfor,1
scenario.,1
produces,1
73,1
kN,1
"(16,000",1
thrust.,1
Initial,1
perform,2
retropropulsive,1
"however,",1
scrapped,1
2017,5
traditional,2
parachute,1
descent,1
andsplashdownat,1
sea.[113]First,1
firing,1
subscaleRaptordevelopment,1
2016,6
"McGregor,",1
Texas.Raptor,1
liquid,1
oxygen,1
liquidmethane-fueledfull-flow,1
cycleengines,1
in-developmentStarshiplaunch,1
system.[105]Development,1
versions,1
test-fired,1
2016.[114]On,1
conducted,4
"itsStarhoppervehicle,",1
remained,2
tethered,1
ground.[115]In,1
Raptor,2
powering,1
theStarhoppervehicle,1
altitude,2
(66,1
ft).[116]SpaceX,1
continues,2
2021.[117]Dragon,1
spacecraftMain,1
articles:SpaceX,3
DragonandDragon,1
2The,1
SpaceX'sCrew,1
"Dragonspacecraft,",1
Developmentprogram.SpaceX,1
Station.,1
Thefirst,1
version,1
"cargo,",2
2010.[31]The,1
currently,2
generation,1
known,2
asDragon,1
conductedits,1
without,1
"crew,",3
followed,1
bya,1
flightof,1
2020.[118][75]Dragon,1
transporting,1
four,5
configuration,2
tolow,2
orbit.[119]On,1
7,12
flewthe,1
variant,1
2to,1
100th,2
flight.,1
redesigned,2
renewed,1
NASA.[120]On,1
27,12
revealed,2
XL,6
carry,1
pressurized,1
unpressurized,1
experiments,1
supplies,4
NASA's,4
plannedLunar,1
Gatewayspace,2
station,8
aGateway,1
Logistics,4
Services(GLS),1
contract.[121]NASA,1
sample,1
collection,1
"materials,",1
spacesuits,1
Gateway,5
surface,1
theMoon.,1
Heavyand,1
"5,000",1
"(11,000",1
Gateway.,1
stay,1
twelve,1
months,1
research,3
payloads,4
inside,1
outside,1
vessel,1
"remotely,",1
crews,2
present.[122][123]Autonomous,1
shipsMain,1
"program,Falcon",1
"tests,",1
andAutonomous,1
shipAnautonomous,1
shipin,1
position,1
prior,2
17,20
CRS-6.SpaceX,1
routinely,1
returns,2
thefirst,1
stageof,1
launches.,3
predetermined,1
site,6
propulsion,1
systems.[124]When,1
propellent,1
margins,1
permit,2
"(RTLS),",1
floating,2
platform,1
"ocean,",1
calledautonomous,1
ships(ASDS).[125]SpaceX,1
introducefloating,1
platforms.,1
oil,3
rigs,2
2020s,1
sea,1
option,2
second-generation,1
vehicle:,1
"system,",1
consisting,1
Super,2
purchasedtwo,1
deepwater,1
rigsand,1
refitting,1
launches.[126]StarshipMain,1
Mars,6
"infrastructure,SpaceX",1
andStarship,1
historySpaceX,1
SN9,1
prototype.SpaceX,1
super-heavy,1
asStarship.,1
comprises,1
called,1
"Heavy,",2
supersede,1
company's,3
hardware,1
2020s.[127][128]SpaceX,1
initially,1
envisioned,1
12-meter-diameter,1
ITS,1
concept,1
solely,1
aimed,3
transit,1
interplanetary,2
uses.,1
articulated,1
smaller,1
9-meter-diameter,1
replace,1
–,14
"Earth-orbit,",1
"lunar-orbit,",1
"missions,",5
"potentially,",1
intercontinental,1
passenger,2
set,4
markedly,1
lower,3
structure.[129]In,1
stainless,1
ofcarbon,1
"fiberconstruction,",1
aims,1
improving,1
performance,1
drastically,1
decreasing,1
cost.,2
Private,2
passengerYusaku,1
Maezawahas,1
contracted,2
tofly,1
Moonin,1
2023.[130]The,1
long-term,2
vision,1
humancolonization,1
Mars.[131][132][133]StarlinkMain,1
article:Starlink60,1
satellites,11
stacked,1
together,1
deployment.Starlink,1
Internet,4
cross-linkedcommunications,1
satellitesin,1
"1,100",2
km,3
orbits.,4
Owned,1
increase,1
profitability,1
cash,1
"flow,",1
allow,2
buildits,1
colony.[134]Development,1
prototypetest-flightsatellites,1
SpaceXPaz,1
satellitemission,1
2017.,55
aboard,2
9.[135]By,1
1737,1
satellites.[136]Initial,1
2020.[137]In,1
filed,1
theFederal,1
Communications,2
Commissionplans,1
field,1
additional,8
"7,518V-bandsatellites",1
non-geosynchronous,1
orbitsto,1
communications,2
services.[138]In,1
sibling,1
"company,SpaceX",1
"Services,",1
"Inc.,",2
license,1
"1,000,000fixedsatellite",1
stations,1
communicate,1
system.[139]TheFederal,1
Commission(FCC),1
US$900,1
subsidies,3
rural,2
network.,1
bring,2
35,1
states.[140]On,1
"15,",2
2021,3
Google,3
collaborated[141]to,1
data,2
cloud,2
Enterprise,2
customers.ControversiesThe,1
ofStarlinksatellites,1
criticized,1
astronomers,1
concerns,1
overlight,1
"pollution,[142][143][144]with",1
brightness,3
optical,1
radio,2
wavelengths,1
interfering,1
scientific,1
observations.[145]In,1
"response,",1
implemented,1
upgrades,1
operation.[146]The,1
employed,1
creates,1
dangers,1
ofspace,1
debriscollisionsresulting,1
thousands,1
orbit.[147][148]However,1
equipped,1
krypton-fueledHall,1
thrusterswhich,1
tode-orbitat,1
life.,1
"Additionally,",2
avoid,1
collisions,1
uplinked,1
tracking,1
data.[149]Other,1
projectsMain,1
article:Hyperloop,1
pod,1
competitionIn,1
sponsor,1
"aHyperloopcompetition,",1
1.6,1
(0.99,1
mi),1
longsubscaletest,1
track,2
near,2
competitive,1
events.[150][151]The,1
annual,1
competitions,1
since,12
2017.[152][153]In,1
collaboration,1
doctors,1
academic,1
"researchers,",1
employees,3
participate,1
creation,2
aCOVID-19antibody-testing,1
2020.,44
4300,1
volunteered,1
blood-samples,1
apeer-reviewedscientific,1
paper,1
crediting,1
eight,1
coauthors,1
suggesting,1
certain,1
level,1
COVID-19,2
antibodies,1
may,3
lasting,1
protection,1
virus.[154][155]FacilitiesThe,1
located,3
California.SpaceX,1
"isheadquarteredinHawthorne,",1
serves,1
plant.,1
operates,6
"inRedmond,",2
"Washington,",2
owns,1
"sites,",2
another,5
development.,1
regional,1
offices,1
"Texas,",2
"Virginia,",1
D.C.[64]SpaceX,1
incorporated,1
state,1
"ofDelaware.[156]Headquarters,",1
facilitiesFalcon,2
v1.1rocket,1
Hawthorne,4
2014.SpaceX,1
Headquarters,2
theLos,1
Angelessuburb,1
"ofHawthorne,",1
three-story,1
byNorthrop,1
Corporationto,1
buildBoeing,1
"747fuselages,[157]houses",1
office,3
"space,",1
"control,",1
"and,",1
facilities.[158]The,1
area,1
concentrations,1
"headquarters,",1
"facilities,",1
and/or,1
subsidiaries,1
"U.S.,",1
includingBoeing/McDonnell,1
Douglasmain,1
building,3
"campuses,Aerospace",1
"Corp.,Raytheon,",1
NASA'sJet,1
Propulsion,2
"Laboratory,United",1
Force'sSpace,1
Missile,4
Systems,3
CenteratLos,1
Air,16
"Base,Lockheed",1
"Martin,BAE",1
"Systems,Northrop",1
"Grumman,",1
"andAECOM,",1
"etc.,",1
pool,1
engineers,1
college,1
engineering,1
graduates.[157]SpaceX,1
utilizes,1
degree,1
ofvertical,1
integrationin,1
engines.[10]SpaceX,1
builds,1
itsrocket,1
"engines,rocket",1
"stages,spacecraft,",1
principalavionicsand,1
allsoftwarein-house,1
unusual,1
"Nevertheless,",1
still,1
"3,000",1
"suppliers,",2
weekly.[159]Development,1
facilitiesMain,2
FacilitySpaceX,1
McGregor,4
"bunker,",1
2012SpaceX,1
tested,1
onrocket,1
"stands,",1
low-altitudeVTVLflight,1
9Grasshopperv1.0,1
andF9R,1
Dev1test,1
2013–2014,1
carried,1
McGregor.,1
Testing,1
much,2
theSpaceX,2
"sitenearBrownsville,",1
Texas.[158]The,1
facilities,2
fromBeal,1
"Aerospace,",1
refitted,1
stand,1
forFalcon,1
9engine,1
testing.,1
improvements,1
facility,11
extended,3
acreage,1
purchasing,1
pieces,1
farmland.,1
half-acre,1
concrete,1
Grasshopper,1
program.[160]As,1
"2012[update],",1
seven,2
stands,3
"""18",1
hours,1
"day,",1
days,1
"week""[161]and",1
ramping,2
next,1
years.[162]In,1
addition,2
routine,1
"testing,",2
capsules,1
(following,1
"mission),",1
shipped,1
"de-fueling,",1
"cleanup,",1
future,3
missions.[163]Launch,1
Side,1
Boosters,1
onLZ1and,1
LZ2.SpaceX,1
threeorbitallaunch,1
atCape,1
"Station,Vandenberg",1
"Base,",2
andKennedy,1
"Center,",1
"nearBrownsville,",2
see,1
niche,1
sufficient,1
pad.[164]The,1
Vandenberg,2
enables,2
highly,1
inclined,1
orbits,2
"(66–145°),",1
medium,1
inclination,2
(28.5–51.6°).[165]Before,1
"retired,",1
allFalcon,1
1launches,1
took,1
place,2
theRonald,1
Reagan,1
Ballistic,1
Defense,1
SiteonOmelek,1
Island.[166]Cape,1
StationIn,1
2007,1
USAF,1
ofCape,1
40(SLC-40),1
SpaceX.[167]The,1
"launches,",4
mainly,1
low,4
geostationary,1
SLC-40,1
supporting,1
formerLaunch,1
13at,1
"Canaveral,",1
renamedLanding,1
Zone,2
designated,1
9first-stage,1
landings.[168]Vandenberg,1
BaseSpaceX,1
west,1
coast,1
atVandenberg,1
"ofCASSIOPE,",1
2013.Vandenberg,1
4(SLC-4E),1
leased,1
polar,1
"Heavy,[169]but",1
cannot,1
neighboring,1
SLC-4W,1
converted,1
Landing,1
landed,1
"boosters,",1
2018.[170]Kennedy,1
CenterOn,1
14,5
signed,2
20-year,1
lease,1
forLaunch,1
39A.[171]The,1
pad,1
subsequently,2
supportFalcon,1
Heavylaunches.,1
itsfirst,1
missionto,1
Pad,2
39A,1
2020.[172]Boca,1
TexasThe,1
assembly,1
building.Main,1
siteSpaceX,1
flies,1
Boca,2
2021.[173]SpaceX,1
publicly,2
Texasin,1
2014.[174][175]TheFederal,1
Aviation,3
Administration(FAA),1
2014.[176]SpaceX,1
ground,1
2014,4
latter,1
half,1
"2015,[177]with",1
firstsuborbitallaunches,1
2019.[158]Satellite,1
facilityFurther,1
information:StarlinkIn,1
entering,1
business.,1
"30,000",1
sq,3
ft,3
"(2,800",1
m2),3
Washington.,1
Redmond,1
acquired,2
"40,625",1
"(3,774.2",1
laboratory,1
satellites.[178]In,1
"8,000",2
(740,1
creative,1
"inIrvine,",1
California(Orange,1
County),1
communications.[179][180]ContractsFurther,1
information,1
launches:Falcon,1
§,1
"manifest,List",1
andList,1
flightsSpaceX,1
actual,1
supply,3
fromNASAfor,1
Station(ISS),2
developed.,1
forU.S.,1
militarylaunches,1
ofEvolved,1
Expendable,1
Vehicle-class,1
(EELV),1
payloads.,1
With,3
2018,4
"alone,",1
represents,1
contract.[64]NASACOTSMain,1
article:Commercial,2
ServicesThe,1
berthed,3
byCanadarm2.In,1
NASACommercial,1
Phase,2
demonstrate,1
delivery,2
"Station(ISS),",1
possible,1
transport.[181]Through,1
"""seed",1
"money""",1
Agreements,1
"capabilities,",1
paid,1
US$396,1
self-invested,1
US$500,1
vehicle.[182]TheseSpace,1
Agreementshave,1
shown,1
saved,1
millions,1
dollars,1
"costs,",1
~4–10,1
cheaper,1
produced,1
alone.[183]In,1
"1mission,",1
spacecraft.[184]Dragon,1
duringSpaceX,1
2in,1
aprivate,1
spacecraft.[185]Commercial,1
cargoMain,1
articles:Commercial,1
ServicesandGateway,1
ServicesCommercial,3
Services(CRS),1
2008,3
commercially,2
spacecraft.,1
US$1.6,1
12,12
covering,1
deliveries,1
2016.[186]SpaceX,1
"CRS-1,",1
"days,",1
beforere-entering,1
atmosphereand,1
splashing,1
Pacific,1
Ocean.[187]CRS,1
twice,1
then.,1
ordering,1
twenty,1
ISS.[188][186][189]The,1
final,3
"mission,SpaceX",1
"CRS-20,",1
departed,1
andDragonwas,1
Asecond,1
phaseof,1
awardees.,1
upgradedDragon,1
2spacecraft.[190][191]In,1
XLspacecraft,1
theLunar,1
station.,1
Heavy.[192]Commercial,1
crewMain,1
DevelopmentCrew,1
undergoing,1
flightSpaceX,1
responsible,1
ISS.,2
(CCDev),1
"2011,[193][194]followed",1
itsDragon,1
2spacecraft.[195]In,1
chose,1
Boeing,1
systems,1
ISS.[196]SpaceX,1
US$2.6,1
complete,2
certify,1
least,3
astronaut,2
aboard.,1
Once,1
achieves,1
"certification,",1
requires,1
"two,",1
"six,",1
station.[196]SpaceX,1
aPad,1
Abort,2
"Test,",1
2015.[197]In,1
NASA.[198]In,1
docked,3
splashed,1
Ocean.[199]In,1
anin-flight,1
last,3
flying,2
fired,2
simulated,1
scenario.[200]On,1
theCrew,2
Demo-2mission,1
Stationwith,2
astronautsBob,1
BehnkenandDoug,1
"Hurley,",1
theISS.[201]TheCrew-1mission,1
Stationon,1
16,13
withNASAastronautsMichael,1
"Hopkins,Victor",1
GloverandShannon,1
Walkeralong,1
withJAXAastronautSoichi,1
"Noguchi,[202]all",1
members,2
theExpedition,1
64crew.[203]On,1
23,13
"2021,Crew-2was",1
astronautsShane,1
KimbroughandK.,1
Megan,1
"McArthur,",1
JAXA,1
astronautAkihiko,1
"Hoshide,",1
andESAastronautThomas,1
Pesquet.[204]TheCrew-2mission,1
24,4
2021.[205]National,1
defenseLaunch,1
theSTP-2mission,1
2019In,1
anIndefinite,1
Delivery/Indefinite,1
Quantity(IDIQ),1
allowing,1
Forceto,1
company.[206]In,1
"2008,NASAannounced",1
IDIQ,1
"billion,",1
depending,1
awarded.,1
covers,1
ordered,1
2012.[207]Musk,1
announcement,1
sold,1
variousFalconvehicles.[207]In,1
Defense(DoD).,1
ForceSpace,1
Centerawarded,1
EELV-class,1
missions:Deep,1
Climate,1
Observatory(DSCOVR),1
andSpace,1
Program,2
2(STP-2).,1
DSCOVR,1
9launch,2
STP-2,1
Heavyon,1
25,5
2019.[208]In,1
v1.1was,1
forNational,1
"Launch(NSSL),",1
allows,1
classified,2
national,6
security.[101]This,1
byUnited,1
Alliance(ULA),2
payloads.[209]In,1
2ndGPS,1
3satellite,1
US$82.7,1
million.[210]This,1
40%,2
similar,1
previous,1
missions.[211]SpaceX,1
3rd,1
GPS,4
2020.[212]In,1
secured,2
US$290,1
III,1
satellites.[213]In,1
U.S.National,1
Reconnaissance,1
Office(NRO),1
taking,1
2017.[214]In,1
US$297,1
slated,1
earlier,2
FY,1
2021.[215]On,1
theU.S.,1
Forceawarded,1
National,4
(NSSL),1
5–7,1
years.,1
US$316,1
launch.,1
handle,1
military's,1
requirements,1
period.[216]Space,1
tourismInspiration4was,1
ahuman,1
spaceflightmission,1
behalf,2
ofShift4,1
PaymentsCEOJared,1
Isaacman.,1
DragonResilienceon,1
FloridaKennedy,1
Center'sLaunch,1
39Aatop,1
placed,1
Dragoncapsuleintolow,1
18,10
theResiliencesplashed,1
Ocean.,1
spaceflightwith,1
citizens,1
charitable,1
effort,1
ofSt.,1
Jude,1
Children's,1
Research,3
"HospitalinMemphis,",1
Tennessee.,1
Inspiration4,2
585,1
(364,1
"mi),",1
sinceSTS-103in,1
1999,1
fifth-highest,1
human,1
overall.,1
received,1
training,3
lessons,1
"mechanics,",1
operating,1
microgravity,1
"environment,",1
stress,1
emergency-preparedness,1
simulations.[217]Launch,1
pressureMain,1
article:Space,1
competitionSpaceX's,1
"prices,",1
especially,1
forcommunication,1
satellitesflying,1
togeostationary,1
"orbit(GTO),",1
pressure,1
competitors,1
prices.[10]Prior,1
"2013,",1
comsat,1
byArianespace(flying,1
theAriane,2
5),1
andInternational,1
Services(flying,1
theProton).[218]With,1
published,1
US$56.5,1
cheapest,1
industry.[219]European,1
operators,1
pushing,1
theEuropean,1
Agency(ESA),1
reduce,1
prices,1
5and,1
futureAriane,1
6rockets,1
SpaceX.[220]In,1
booked,1
RussianProtonrocket.[43]SpaceX,1
compete,1
anticipating,1
slump,1
"domestic,",1
"military,",1
spy,1
ULA,5
go,1
unless,1
orders.[221]To,1
"end,",1
restructuring,2
processes,1
half.[222][223]Congressional,1
testimony,1
suggested,1
NASASpace,1
Agreementprocess,1
"""setting",1
high-level,1
requirement,1
[while],1
leaving,2
details,1
"industry""",1
substantially,1
According,1
independently,1
verified,2
"numbers,",1
US$390,1
million.,3
2011,2
agency,1
US$4,1
upon,2
contracting,1
"processes,",1
more.[183]In,1
administratorJim,1
Bridenstineremarked,1
thanks,1
investments,1
70%,1
"market,",1
improvement,1
country.[224]Board,1
directorsSpaceXboard,1
directorsas,1
2021[225]Joined,1
BoardNameTitles2002[226]Elon,1
"MuskFounder,",1
"Chairman,",1
CEO,3
SpaceX;,1
"CEO,Product",1
"Architect,",1
former,3
Chairman,3
ofTesla;,1
ofSolarCity[226]2002[227]Kimbal,1
MuskBoard,1
"member,",1
Tesla[228]2009[229]Gwynne,1
ShotwellPresident,1
COO,2
SpaceX[230]2009[229]Luke,1
"NosekCo-founder,",1
PayPal[231]2009[229]Steve,1
"JurvetsonCo-founder,",1
Future,4
Ventures,1
fund[232]2010[233]Antonio,1
GraciasCEO,1
Investment,1
Committee,2
Valor,1
Equity,1
Partners[234]2015[235]Donald,1
HarrisonPresident,1
partnerships,1
corporate,1
"development,",1
Google[236]See,1
alsoBlue,1
OriginHuman,1
MarsList,1
spacecraftSpace,1
colonizationVirgin,1
GalacticReferences^.mw-parser-output,1
cite.citation{font-style:inherit}.mw-parser-output,1
.citation,6
"q{quotes:""\""""""\""""""'""""'""}.mw-parser-output",1
.id-lock-free,1
"a,.mw-parser-output",5
.cs1-lock-free,1
"a{background:linear-gradient(transparent,transparent),url(""//upload.wikimedia.org/wikipedia/commons/6/65/Lock-green.svg"")right",1
0.1em,4
center/9px,3
no-repeat}.mw-parser-output,4
.id-lock-limited,1
.id-lock-registration,1
.cs1-lock-limited,1
.cs1-lock-registration,1
"a{background:linear-gradient(transparent,transparent),url(""//upload.wikimedia.org/wikipedia/commons/d/d6/Lock-gray-alt-2.svg"")right",1
.id-lock-subscription,1
.cs1-lock-subscription,1
"a{background:linear-gradient(transparent,transparent),url(""//upload.wikimedia.org/wikipedia/commons/a/aa/Lock-red-alt-2.svg"")right",1
".cs1-subscription,.mw-parser-output",1
.cs1-registration{color:#555}.mw-parser-output,1
.cs1-subscription,1
"span,.mw-parser-output",1
.cs1-registration,1
span{border-bottom:1px,1
dotted;cursor:help}.mw-parser-output,1
.cs1-ws-icon,1
"a{background:linear-gradient(transparent,transparent),url(""//upload.wikimedia.org/wikipedia/commons/4/4c/Wikisource-logo.svg"")right",1
center/12px,1
code.cs1-code{color:inherit;background:inherit;border:none;padding:inherit}.mw-parser-output,1
.cs1-hidden-error{display:none;font-size:100%}.mw-parser-output,1
.cs1-visible-error{font-size:100%}.mw-parser-output,1
.cs1-maint{display:none;color:#33aa33;margin-left:0.3em}.mw-parser-output,1
.cs1-format{font-size:95%}.mw-parser-output,1
".cs1-kern-left,.mw-parser-output",1
.cs1-kern-wl-left{padding-left:0.2em}.mw-parser-output,1
".cs1-kern-right,.mw-parser-output",1
.cs1-kern-wl-right{padding-right:0.2em}.mw-parser-output,1
".mw-selflink{font-weight:inherit}""California",1
Business,5
Search,1
(C2414622,1
"Corp)"".",1
California,3
Secretary,1
State.Archivedfrom,1
Retrieved5,4
"May2018.^""Who",1
big?,1
|,5
Business|,1
Economy,1
news,2
German,1
perspective,1
DW,1
"27.05.2020"".Archivedfrom",1
Retrieved28,6
"May2020.^""Gwynne",1
Shotwell:,1
Executive,2
Profile,1
&,7
"Biography"".",1
Bloomberg.Archivedfrom,2
2019.,20
Retrieved1,87
"March2017.^""SpaceX",10
No.,3
"revenue,",1
$2,1
"year,",1
Jefferies,1
"estimates"".",1
cnbc.com.,1
2019.Archivedfrom,8
Retrieved20,5
May2019.^Fred,1
Lambert,1
(17,4
"2016).""Elon",4
stake,1
actually,1
"shares"".Archivedfrom",1
2016.,14
Response,1
DOJ,1
Hiring,1
"Subpoena"".Archivedfrom",1
2021.,38
June2021.^abMiles,1
O'Brien,1
(1,2
"2012).""Elon",3
"Unedited"".",1
Archived,26
fromthe,25
originalon,20
March2017.^abJohn,1
Carter,1
McKnight,1
(25,6
"2001).""Elon",1
Life,1
"Foundation"".",1
Frontier,2
Foundation.,1
March2017.^abElon,1
(30,4
"2009).""Risky",1
"Business"".",1
IEEE,1
Spectrum.Archivedfrom,1
March2017.^abcdAndrew,1
Chaikin,1
(January,1
"2012).""Is",1
Changing,1
"Equation?"".",1
Smithsonian.,1
March2017.^abcdAshlee,1
Vance,1
(14,3
"2015).""Elon",2
dream,2
killed,1
"Tesla"".Bloomberg.com.",1
March2017.^Michael,2
Belfiore,4
"2009).""Behind",1
Scenes,1
World's,2
Ambitious,1
"Makers"".",1
Popular,4
Mechanics.Archivedfrom,3
13,10
March2017.^Podcast:,1
On,2
Prospects,1
LauncherArchivedJune,1
"10,",1
theWayback,5
MachineAviation,1
Week,2
Irene,2
"Klotz,",1
accessed,2
10,6
"2020^Berger,",1
Eric,10
(2021).Liftoff.William,6
Morrow,6
Company.,6
p.,7
"22.ISBN978-0-06-297997-1.^""Space",1
"Corporation"".",1
Retrieved15,5
"December2012.^Maney,",1
Kevin,1
"2005).""Private",1
sector,1
enticing,1
"frontier"".",1
USAtoday.com.Archivedfrom,1
2012.,7
Retrieved14,4
"March2021.^abHoffman,",1
Carl,1
(22,5
"2007).""Elon",1
Is,2
Betting,1
His,1
Fortune,1
Mission,4
Beyond,1
Earth's,1
"Orbit"".Wired",1
Magazine.Archivedfrom,2
"March2014.^""Commercial",1
Market,2
Assessment,2
Cargo,2
"Systems""(PDF).nasa.gov.",1
NASA.,4
2011.,7
40.Archived(PDF)from,1
2014.,5
Retrieved10,2
June2015.SpaceX,1
$300,1
$90,1
spent,1
contribute,1
extent,1
$390,1
"costs.^Berger,",1
215.ISBN978-0-06-297997-1.^Michael,1
(18,3
"2005).""Race",1
Next,2
Prize,1
"Ignites"".",1
Wired.,1
"March2017.^""NASA",3
selects,1
"partners"".",1
Spaceflight,10
Now.,3
2006.Archivedfrom,1
"March2017.^""Falcon",3
Reaches,2
But,1
Loses,1
Control,1
Destroyed,1
"Re-Entry"".",1
Satnews.com.,1
21,11
2007.,2
2007.^Graham,1
Warwick,1
Guy,1
"Norris,",1
"""Blue",1
Sky,2
Thinking:,1
DARPA,1
"50,""Aviation",1
"Technology,18–25",1
Aug,1
"18.^Berger,",1
pp.,2
"178–182.ISBN978-0-06-297997-1.^Berger,",1
"216.ISBN978-0-06-297997-1.^Berger,",1
"217–221.ISBN978-0-06-297997-1.^Graham,",1
William,2
(20,5
"2017).""SpaceX",1
50,1
From,3
taming,1
achieving,1
cadence,1
"9"".NASASpaceFlight.com.Archivedfrom",1
31,7
Retrieved16,9
"March2021.^Berger,",1
"222.ISBN978-0-06-297997-1.^David,",1
"Leonard.""SpaceX",1
tackles,1
heavy,1
"vehicle"".MSNBC.",1
NBC,1
News.Archivedfrom,6
March2021.^abDavid,1
J.,2
Frankel,1
(26,3
"2010).""Minutes",1
NAC,1
"Committee""(PDF).",1
NASA.Archived(PDF)from,1
Retrieved24,2
June2017.This,1
incorporates,15
text,15
"source,",15
thepublic,15
"domain.^ab""Private",1
capsule's,1
maiden,2
voyage,1
ends,1
"splash"".BBC",1
News.,1
8,6
2010.Archivedfrom,2
March2017.^Denise,1
Chow,2
(8,3
"2010).""Q",1
A,3
Musk:,4
Master,2
"Dragons"".",1
Space.com.Archivedfrom,1
June2017.^Denise,1
"2011).""Private",1
Spaceship,2
Builders,1
Split,1
Nearly,2
$270,1
Million,3
"Funds"".",1
Space.com.,4
"March2017.^Koenigsmann,",1
Hans,2
"2018).""Statement",1
Dr.,1
Koeningsmann,1
Vice,2
"President,",1
Build,2
Reliability,1
Corp.,2
"(SpaceX)""(PDF).",1
original(PDF)on,5
2018.^Caleb,1
Melby,1
(12,4
"2012).""How",1
Became,1
Billionaire,2
Twice,1
"Over"".Forbes.Archivedfrom",1
"March2017.^""Elon",1
Anticipates,1
Third,1
IPO,2
Three,2
Years,1
"SpaceX"".Bloomberg.com.",1
Bloomberg.,1
2012.Archivedfrom,3
March2017.^Jane,1
Watts,1
(27,7
Why,1
Has,1
Right,1
Stuff,1
Win,1
"Race"".",1
CNBC.Archivedfrom,3
March2017.^abCanadian,1
Press,3
"2012).""Private",1
blasts,1
reaches,2
"launch"".",3
CBC,1
"March2017.^""Privately-held",1
Worth,1
$2.4,1
Billion,3
"$20/Share,",1
Double,1
Pre-Mission,1
Secondary,1
Value,1
Following,1
Historic,3
Success,3
"Station"".privco.com.",1
March2017.^Ricardo,1
Bilton,1
(10,4
"2012).""SpaceX's",1
skyrockets,1
US$4.8,1
"mission"".",2
VentureBeat.Archivedfrom,1
overview,1
"secondmarket"".",1
SecondMarket.,1
"2012.^abFernholz,",1
"Tim.""The",1
visual,1
history,3
single-minded,1
pursuit,1
"reusability"".Quartz.Archivedfrom",1
March2021.^abPeter,1
B.,5
de,6
Selding,5
"2015).""Arianespace,",1
Battled,1
Draw,1
"Contracts"".",1
SpaceNews.Archivedfrom,8
2015.,6
March2017.^Amy,1
Svitak,1
(11,2
"2014).""Arianespace",1
To,3
ESA:,1
We,2
Need,1
"Help"".",1
Week.Archivedfrom,2
5,7
March2017.^Peter,3
"2014).""Satellite",1
Operators,1
ESA,1
Reduction,1
Ariane,1
"Costs"".",1
SpaceNews.,7
March2017.[permanent,3
link]^Melody,1
Petersen,3
"2014).""SpaceX",4
upset,1
firm's,1
"satellites"".The",1
Times.Archivedfrom,8
"March2017.^""Air",1
budget,1
reveals,2
undercuts,1
"prices"".",1
Ars,1
Technica.Archivedfrom,4
Retrieved29,7
March2018.^Brian,1
Berger,2
"2015).""SpaceX",3
Confirms,1
"Investment"".",1
March2017.^Cecilia,1
"Kang,",2
Christian,1
Davenport,1
(9,4
founder,1
files,1
"space"".The",1
Washington,3
Post.Archivedfrom,2
March2017.^Stephen,1
Clark,2
"2015).""Support",1
probable,1
cause,1
"failure"".",2
March2017.^Samantha,1
Masunaga,1
Melody,1
(2,5
"2016).""SpaceX",6
instant.,1
Figuring,1
involves,1
mountain,1
"data"".The",1
March2017.^Elon,1
(21,7
"2015).""Background",1
tonight's,1
"March2017.^Wright,",1
Robert,1
lands,2
"ship"".CNBC.Archivedfrom",1
March2021.^Peter,1
(5,3
"2016).""SpaceX's",1
Shotwell,3
"inquiry,",1
discounts,1
Silicon,2
Valley's,1
test-and-fail,1
"ethos"".",1
March2017.^Calandrelli,1
"E,",1
Escher,1
(16,5
"2016).""The",1
top,2
events,1
happened,1
"2016"".",2
TechCrunch.Archivedfrom,3
March2017.^Marco,1
Santana,1
(6,2
vows,2
rebuild,1
"aftermath"".Orlando",1
Sentinel.Archivedfrom,1
March2017.^Loren,1
Grush,1
says,2
knows,1
latest,2
Verge.Archivedfrom,2
"March2017.^""Anomaly",1
"Updates"".",1
"March2017.^ab""Elon",1
makes,2
'flight-proven',1
"rocket"".The",1
Retrieved31,14
recycled,1
"rocket"".NBC",1
Now,1
One,1
Valuable,1
Privately,1
Held,1
"Companies"".The",1
New,10
York,7
Times.,2
2017.Archivedfrom,3
29,6
"November2017.^""As",1
steamroller,1
"surges,",1
industry,1
"resist"".",1
2018.Archivedfrom,3
Retrieved21,8
July2018.^spacexcmsadmin,1
"2012).""Company"".",1
"March2018.^abc""Company",1
"SpaceX"".",3
"March2017.^Hughes,",1
Tim,2
(13,3
"2017).""Statement",1
Hughes,1
Senior,1
President,3
Global,1
Government,1
Affairs,1
"(SpaceX)""(PDF).Archived(PDF)from",1
2017.^Agenda,1
Item,1
City,3
"Council,",1
Agenda,1
BillArchived24,1
"Machine,",2
"11,",1
Planning,1
Community,1
"Department,",1
"Hawthorne,",1
Accessed,1
"13,",1
"2018^Nelson,",1
Laura,1
"2017).""Elon",1
tunneling,1
wants,2
dig,1
"L.A.""Los",1
Retrieved13,1
"September2018.^""Nothing",1
"""Boring""",1
About,1
Newly,1
Revealed,1
Underground,1
"Tunnel"".cbslocal.com.",1
Retrieved2,9
"February2019.^abCopeland,",1
Rob,1
"2018).""Elon",1
Co.,3
Faced,1
Questions,1
Over,1
Financial,1
"Ties"".The",1
Wall,2
Street,3
Journal.Archivedfrom,4
Retrieved18,2
December2018.When,1
spun,1
90%,1
Mr.,1
rest,1
employees...,1
given,1
compensation,1
help...,1
"stock,",1
"""based",1
contributed,1
"company"".^Wattles,",1
Jackie,2
"2019).""SpaceX",2
"workers"".",1
CNN.Archivedfrom,3
"2019.^abPatel,",1
"Neel.""SpaceX",1
biggest,1
"network"".",1
MIT,1
Technology,1
Review.Archivedfrom,1
Retrieved9,1
"January2020.^Sheetz,",1
Michael,5
"2020).""SpaceX",4
looking,1
raise,1
$250,1
valuing,1
$36,2
"billion"".",1
"May2020.^""SpaceX",1
rises,1
$33.3,1
"opportunity"".",1
CNBC.,2
Retrieved17,7
"June2019.^Cao,",1
Sissi,1
"2020).""As",1
"Valuation,",1
Clarifies,1
"Rumors"".",1
Observer.Archivedfrom,1
"May2020.^abChang,",1
Kenneth,1
Lifts,1
Astronauts,2
"Orbit,",1
Launching,1
Era,1
trip,1
shuttles,1
"retired"".The",1
"May2020.^Wattles,",1
"CNN"".",1
"May2020.^""SpaceX-NASA",1
Demo-2,1
launch:,1
questions,1
"answered"".indianexpress.com.",1
2020.Archivedfrom,9
"June2020.^""Elon",1
raises,2
$1.9,1
"funding"".Reuters.",1
"August2020.^Wattles,",1
"Jackie.""SpaceX",1
$46,1
"'unicorn'"".",1
CNN,1
Business.Archivedfrom,1
"August2020.^abSheetz,",1
"2021).""Elon",2
$850,1
jumping,1
$74,1
"billion"".CNBC.Archivedfrom",1
"February2021.^abFoust,",1
Jeff,3
(15,6
"2021).""SpaceX",7
adds,2
"round"".SpaceNews.Archivedfrom",1
"April2021.^Novet,",1
Jordan,1
"2021).""Google",1
wins,5
deal,2
"connectivity"".CNBC.Archivedfrom",1
May2021.^Eric,1
Ralph,1
"2020).""SpaceX's",2
99th,1
checks,1
record,4
"[updated]"".",1
Teslarati.Archivedfrom,2
"August2020.^""SpaceX",1
10th,1
liftoff,1
(and,1
landing),1
"rocket"".",2
space.com.,1
2021.Archivedfrom,3
Retrieved12,2
May2021.^abStephen,1
(28,3
"2008).""Sweet",1
Last,1
"Rocket"".",1
Now.Archivedfrom,4
March2017.^Kenneth,2
Chang,2
"2012).""Space",1
X,3
Capsule,1
Docks,3
"Station"".The",1
26,9
Retrieved25,2
"May2012.^""SpaceX,",1
Another,1
"First,",1
Recovers,1
US$6,1
Nose,1
Cone,1
Reused,1
"9"".",1
Fortune.com.Archivedfrom,1
May2017.^spacexcmsadmin,1
(29,2
"2016).""Zuma",1
SpaceX.Archivedfrom,3
Retrieved4,4
"June2017.^Burghardt,",1
Thomas,2
"2019).""Starhopper",1
conducts,1
debut,1
Chica,1
"Hop"".NASASpaceFlight.com.Archivedfrom",1
"January2021.^""SpaceX",1
"Launches"".The",1
Retrieved30,4
"May2020.^""SpaceX's",1
1st,1
docks,1
historic,1
"rendezvous"".",1
"June2020.^Hennessy,",1
Paul,2
cosmic,1
rideshare,1
"program"".NBC",1
Retrieved26,1
"January2021.^Dent,",1
Steve,3
cleared,1
"missions"".Archivedfrom",1
"June2021.^""SpaceX",2
all-civilian,3
"spaceflight"".NBC.Archivedfrom",1
Retrieved19,3
"September2021.^Gorman,",1
(19,6
"safely"".REUTERS.Archivedfrom",1
"September2021.^ab""Falcon",1
"Overview"".",2
"Heavy"".Archivedfrom",1
Retrieved3,6
February2021.The,1
v1.2,1
constantly,1
improved,1
different,1
sub-versions,1
“Blocks”.,1
"design,",1
referred,1
1.,1
largely,1
stayed,1
"variant.^""Falcon",1
March2017.^Clark,1
Lindsey,1
(4,7
"2013).""NewSpace",1
"2013"".",1
NewSpace,1
Watch.Archivedfrom,1
January2013.^spacexcmsadmin,1
"2012).""Falcon",1
"Heavy"".",1
"April2017.^ab""Air",1
Force's,1
Certifies,1
"Missions"".",2
USAF.,1
2015.Archivedfrom,2
March2017.This,4
"domain.^Erwin,",1
Sandra,2
"2019).""Air",2
needed,1
meet,1
required,1
"orbits"".",1
Retrieved22,5
"September2019.^""SpaceX",1
Missions,1
"Summary"".Archivedfrom",1
Retrieved6,4
"June2021.^""Total",1
"Counter"".Archivedfrom",1
"June2021.^abO'Callaghan,",1
Jonathan,3
(31,1
"2019).""The",2
wild,1
physics,1
methane-guzzling,1
"super-rocket"".Wired",1
UK.Archivedfrom,1
"April2021.^ab""Falcon",1
"Kit""(PDF).",1
"September2008.^ab""Falcon",1
Vehicle,2
Payload,2
User's,3
"Guide,",1
"2009""(PDF).",1
"March2017.^Bergin,",1
Chris,1
lifts,1
lid,1
V2,1
"spacecraft"".NASAspaceflight.com.Archivedfrom",1
"May2014.^""Falcon",1
"Guide""(PDF).",1
"February2019.^Fischer,",1
Dave,1
(August,1
"2010).""Pintle",1
Injector,1
"Engines"".National",1
Society,1
Blog.,1
Society.Archivedfrom,1
"August2013.^""Encyclopedia",1
Astronautica,1
"Kestrel"".",1
June2021.CS1,1
unknown,1
"(link)^""SpaceX",1
Thruster,1
Performs,1
Long-Duration,1
Firing,1
"Restart""(Press",1
release).,3
"March2017.^Colangelo,",1
"Anthony.""Farewell,",1
Red,1
"Dragon"".Main",1
Engine,1
Cut,1
Off.Archivedfrom,1
"February2019.^""SpaceX",2
performs,1
"engine"".",1
"April2017.^Grush,",1
Loren,1
(3,4
"time"".",1
"April2019.^""Big",1
News!,1
Starhopper,1
Completes,2
First,1
Free,1
"Flight!"".",1
Retrieved11,4
"August2019.^Berger,",1
"2020).""So,",1
turns,1
pretty,1
good,1
"rocketing"".Ars",1
"March2021.^""Crew",1
Dragon's,2
concludes,1
splashdown,1
"NASASpaceFlight.com"".",1
Retrieved8,3
"March2019.^Clark,",1
Stephen,1
(7,1
"2019).""After",2
"redesigns,",1
finish,1
sight,1
"spaceship"".",1
June2020.'With,1
[the,1
parachutes],1
angle,1
"seats,",1
get,1
"anymore',",1
said.,1
"""So",1
seats.,1
That,3
kind,1
big,3
change,1
"us"".^""SpaceX",1
"flight"".",1
Retrieved7,1
"December2020.^Potter,",1
Sean,1
"2020).""NASA",1
Awards,2
Artemis,1
Contract,3
"Services"".",1
NASA.Archivedfrom,5
March2020.This,1
"domain.^Clark,",1
"Stephen.""NASA",1
picks,1
lunar,1
"orbit"".",1
"March2020.^""Dragon",1
ties,1
Lunar,3
"contract"".",1
March2020.^Rand,1
Simberg,1
Reusable,1
"Plans"".",1
March2017.^SpaceX,1
"2015),Elon",1
Names,1
Drone,1
Ships,1
Honor,1
Sci-Fi,1
"Legend,archivedfrom",1
retrieved31,1
"May2020^Burghardt,",1
acquires,1
serve,1
"spaceports"".NASASpaceFlight.com.Archivedfrom",1
March2021.^Chris,1
Gebhardt,1
"2017).""The",1
"Moon,",1
"Mars,",2
updates,1
BFR,1
"architecture,",1
"plans"".Archivedfrom",1
"May2020.^""Elon",1
moon,2
"""dangerous""",1
"scared"".cbsnews.com.Archivedfrom",1
"February2019.^""Elon",1
hinges,1
giant,1
Engadget.Archivedfrom,1
"March2018.^""SpaceX",2
mystery,1
"passenger,",1
he's,1
"billionaire"".",1
CNET.Archivedfrom,2
September2018.^Daniel,1
Terdiman,1
"2013).""Elon",1
SXSW:,1
'I'd,1
die,1
"impact'"".",1
March2017.^Alex,1
Hern,1
'Chances,1
we're,1
living,1
"simulation'"".The",1
Guardian.Archivedfrom,1
March2017.^Sarah,1
Fecht,1
Wants,1
Put,2
Humans,1
"2025"".",1
Science.Archivedfrom,1
Broadband,1
Satellites,2
"Seattle"".",1
heaviest,1
"date"".",1
NASASpaceFlight.com.,2
"July2019.^""Starlink",1
"Statistics"".planet4589.org",1
Jonathan's,1
Pages.Archivedfrom,1
"2021.^O'Callaghan,",1
Reveals,1
Monthly,1
Cost,2
'Better,1
Than,1
Nothing,1
"Beta'"".Forbes.Archivedfrom",1
October2020.^Caleb,1
Henry,1
"2017).""FCC",1
gets,1
applications,1
non-geostationary,1
"constellations"".",1
link]^SpaceX,2
Application,1
Blanket-licensed,1
stationsArchivedMay,1
"29,",1
"MachineSES-LIC-INTR2019-00217,",1
2019This,1
"domain.^""SpaceX's",1
$900,1
FCC,1
"areas"".",1
"December2020.^Immanni,",1
Manikanta,1
Collaborated,1
Provide,1
Data,2
"Customers"".TechDator.Archivedfrom",1
"May2021.^Hall,",1
Shannon,1
(June,1
"Launch,",1
Fear,1
Outnumber,1
Visible,1
"Stars"".The",1
"June2019.^""The",1
unexpected,1
ruin,1
night,1
"sky"".The",1
Economist.,1
"June2019.^""SpaceX's",1
Could,2
Change,1
Night,1
"Forever,",1
And,1
Astronomers,1
Are,1
Not,1
"Happy"".Forbes.Archivedfrom",1
"June2019.^""Will",1
harm,1
astronomy?,1
Here's,2
"know"".",1
nationalgeographic.com.,1
March2021.^SpaceX,1
"2020).""Astronomy",1
Discussion,1
Academy,1
"Sciences"".Archivedfrom",1
"April2021.^O'Callaghan,",1
"2019).""SpaceX's",2
Cause,1
Cascades,1
"Junk"".Scientific",1
American.Archivedfrom,1
August2020.^Does,1
Pose,1
Debris,1
Threat?,1
An,1
Expert,1
Answers.Archived17,1
MachineJan,1
"Hattenbach,Sky",1
"Telescope,",1
"2019^""Starlink",1
"v1.0"".",1
space.skyrocket.de.Archivedfrom,1
July2021.^Alan,1
Boyle,1
Plans,1
Hyperloop,4
Pod,3
Races,1
NBC.Archivedfrom,1
"March2017.^""Spacex",1
"Competition""(PDF).",1
"March2017.^Bonasio,",1
Alice,1
"2018).""Is",1
"seriously?"".Ars",1
"April2021.^Etherington,",1
Darrell,2
"2019).""Team",1
TUM,1
Competition,1
288,1
mph,1
"speed"".TechCrunch.Archivedfrom",1
"April2021.^Krouse,",1
Sarah,1
got,1
"4,000",1
workers,1
join,1
study.,1
"learned"".Wall",1
February2021–,1
"viafoxbusiness.com.^Bartsch,",1
Yannic,1
C.;,1
"Fischinger,",1
Stephanie;,1
"Siddiqui,",1
Sameed,1
M.;,1
"Chen,",1
Zhilin;,1
"Yu,",1
Jingyou;,1
"Gebre,",1
Makda;,1
"Atyeo,",1
Caroline;,1
"Gorman,",1
Matthew,2
J.;,2
"Zhu,",1
Alex,1
Lee;,1
Jaewon;,1
"Burke,",1
John,1
S.;,1
"Slein,",1
Matthew;,1
"Gluck,",1
"Beger,",1
Samuel;,1
"Hu,",1
Yiyuan;,1
"Rhee,",1
Justin;,1
"Petersen,",1
Eric;,1
"Mormann,",1
Benjamin;,1
St,1
"Aubin,",1
Michael;,1
"Hasdianda,",1
Mohammad,1
A.;,2
"Jambaulikar,",1
Guruprasad;,1
"Boyer,",1
Edward,1
"W.;Sabeti,",1
Pardis,1
"C.;Barouch,",1
Dan,1
H.;,1
"Julg,",1
Boris,1
"D.;Musk,",1
R.;,1
"Menon,",1
Anil,1
"S.;Lauffenburger,",1
Douglas,1
"Nilles,",1
"J.;Alter,",1
Galit(15,1
"2021).""Discrete",1
SARS-CoV-2,1
antibody,1
titers,1
functional,1
humoral,1
"stability"".Nature",1
Communications.12(1):,1
"1018.Bibcode:2021NatCo..12.1018B.doi:10.1038/s41467-021-21336-8.PMC7884400.PMID33589636.^""SEC",1
Form,3
"D/A"".www.sec.gov.",1
Securities,2
Exchange,2
Commission.Archivedfrom,1
March2021.^abMichael,1
"2012).""Inside",2
SpaceX:,1
Visit,1
Company's,1
Slide,1
"3"".",1
"March2017.^abcBerger,",1
prototype,2
taken,1
"time"".Ars",1
March2021.^Gwynne,1
2014).Discussion,1
Gwynne,3
"Shotwell,",2
"COO,",2
Council.,1
Event,1
occurs,1
37:50–38:58.,1
March2017.We,1
vertically,1
integrated...,1
Metal,1
sheet,1
"format,",2
wire,1
block,1
format,1
comes,2
roll,1
out...,1
eliminating,1
exponential,1
G&A,1
fee,1
additions,1
[that,1
experienced,1
have],1
multiple,1
layers,1
integration...,1
dollar,2
spend,1
[about],1
63,1
cents,1
revenue,1
subcontractors,1
[but,1
at],1
lower-level,1
integration,1
"(wires,",1
"connectors,",1
raw,1
"materials).^""Reusable",1
ready,1
"liftoff"".",1
March2017.^Jason,1
Paur,1
Rocket-Testing,1
"Facility"".Wired.Archivedfrom",1
activate,1
ahead,1
busy,1
"2020"".",1
nasaspaceflight.com.,1
"June2021.^""NASA",1
Administrator,1
Bolden,1
Views,1
"Capsule"".",1
nasa.gov.,1
June2021.^Irene,1
Klotz,1
"2013).""SpaceX",2
Appetite,1
Sites,1
"Grows"".",1
(2020).Falcon,1
Guide(PDF).,1
14.Archived(PDF)from,1
"March2021.^Spudis,",1
"D.""The",1
Tale,1
"1"".Air",1
"May2021.^Wolf,",1
Jim,1
"2007).""U.S.",1
lets,1
operate,1
"Canaveral"".Reuters.Archivedfrom",1
"April2021.^Howell,",1
Elizabeth,1
"2020).""See",1
Evolution,1
Rockets,1
"Pictures"".Space.com.Archivedfrom",1
April2021.^Chris,1
Bergin,2
"2011).""SpaceX:",1
tag,1
team,1
"year"".",1
NASASpaceFlight.com.Archivedfrom,2
SAOCOM,1
1A,1
nails,1
Coast,1
"landing"".",1
"February2019.^Granath,",1
Bob,1
(24,3
"2015).""NASA,",1
Sign,1
Property,1
Agreement,1
"Pad"".",1
March2018.This,1
"domain.^""NASA,",1
Partners,1
Update,1
Dates,1
"Program"".blogs.nasa.gov.Archivedfrom",1
February2019.This,1
"domain.^Mack,",1
"Eric.""Elon",1
"July"".CNET.Archivedfrom",1
"April2021.^""Gov.",1
Perry,1
Announces,2
State,1
Incentives,1
Bringing,1
"Facility,",1
300,1
Jobs,1
Brownsville,1
"Area"".",1
Office,1
Governor,1
Rick,1
Perry.,1
March2017.^Eric,1
"2014).""Texas,",1
announce,1
"Brownsville"".",1
MySanAntonio.com.Archivedfrom,1
March2017.^Leonard,1
David,1
receives,1
FAA,1
approval,1
proposed,1
"Texas"".CBS",1
March2017.^Jeff,1
Foust,1
Breaks,1
Ground,1
"Spaceport"".",1
lab,1
Seattle,1
"area"".",1
GeekWire.,1
October2018.^Gene,1
expands,1
sqft,1
Orange,2
"CA"".",1
"County"".Orange",1
County,1
Register.,1
2016.Archivedfrom,2
July2020.^Dennis,1
"Stone,",1
"""NASA's",1
Approach,1
"Transportation"",Acta",1
"Astronautica63,",1
1-4,1
(2008):192–97^AtlanticCouncil,1
"2014),Discussion",1
"SpaceX,archivedfrom",1
retrieved29,1
"March2018^abZapata,",1
Edgar,1
"2017).""An",1
Improvements,1
COTS/CRS,1
Implications,1
"Missions""(PDF).Archived(PDF)from",1
2019.Cite,1
journal,1
"requires|journal=(help)^""Mission",1
Status,1
"Center"".",1
"2012).""Big",1
Day,1
Entrepreneur,1
Promising,1
"More"".The",1
March2017.^abJason,1
Rhian,1
"2014).""NASA",1
'push',1
"extension"".",1
Insider.Archivedfrom,1
Celebrates,1
"Return"".",1
March2017.^Chris,1
"2015).""NASA",1
lines,1
"Cygnus"".",1
$700,1
"million"".",1
"March2017.^""SMSR",1
Integrated,1
"Schedule""(PDF).Office",1
Safety,1
Assurance.NASA.,1
2021.Archived(PDF)from,1
"May2021.^""Microgravity",1
"Flights"".Glenn",1
Center.NASA.,1
Retrieved27,1
"February2021.^Sheetz,",1
powerful,1
moon's,1
"astronauts"".",1
"April2020.^""Private",1
Taxi's,1
Escape,1
System,1
Passes,1
Big,1
"Hurdle"".",1
2011.Archivedfrom,1
"March2017.^Frank,",1
Jr.,1
Morring,1
"2011).""Five",1
Vehicles,1
Vie,1
Human,1
"Spaceflight"".",1
Steps,1
Effort,1
Americans,1
"Soil"".",1
"domain.^ab""NASA",1
Chooses,1
Companies,1
Transport,1
"Station"".",2
2014.Archivedfrom,1
"domain.^Post,",1
Hannah,1
"2015).""Crew",1
"Test"".",1
"January2020.^""NASA",1
awards,2
"Station"".teslarati.com.Archivedfrom",1
March2018.^ksmith,1
"2019).""Crew",1
"ISS"".",1
"January2020.^Northon,",1
Karen,1
"2020).""NASA,",1
Complete,1
Final,1
Major,1
"Spacecraft"".",1
January2020.This,1
"domain.^""Demo-2",1
Lays,1
Groundwork,1
AmericaSpace.,2
November2020.^Jackie,1
"Wattles.""SpaceX-NASA",1
mission:,1
Four,1
arrive,1
"November2020.^""Dragon",1
Resilience,1
"Station,",1
Expands,1
Expedition,1
64,1
Seven,1
"Crew"".",1
"November2020.^Sheetz,",1
(23,1
Crew-2,2
"year"".CNBC.Archivedfrom",1
"June2021.^Sheetz,",1
"2021).""Two",1
"station,",1
"arrives"".CNBC.Archivedfrom",1
Awarded,1
"I""(Press",1
2005.,1
"March2017.^ab""NASA",1
"SpaceX""(Press",1
2008.Archivedfrom,1
domain.^SpaceX's,1
NovemberArchivedJuly,1
"TechCrunch,",1
"Etherington,",1
"2017^""U.S.",1
certifies,1
"launches"".Reuters.",1
February2019.^Mike,1
Gruss,1
$82,1
"satellite"".",1
undercut,1
40,1
percent:,1
"Force"".",1
Reuters.,1
"March2017.^""SpaceX's",1
"says"".",1
February2019.[permanent,1
"link]^""ULA,",1
secure,1
$650,1
"contracts"".Florida",1
Today.Archivedfrom,1
prepares,1
NRO,1
"February2019.^Erwin,",1
$739,1
win,1
$653,1
that's,1
"start"".Archivedfrom",1
"August2020.^""Inspiration4:",1
"Dragon"".space.com.",1
September2021.^Jonathan,1
Amos,1
SES,1
TV,1
"Asia"".BBC",1
"2013).""The",1
"Rocketeer"".",1
Foreign,1
Policy.Archivedfrom,1
March2017.^David,1
Ramli,1
"2015).""NBN",1
launcher,1
jobs,1
fight,1
Sydney,1
Morning,1
Herald,1
Day.Archivedfrom,1
March2017.^Andrea,1
Shalal,1
"2015).""Lockheed-Boeing",1
venture,2
needs,1
orders,1
"survive"".",1
Yahoo.Archivedfrom,1
March2017.^Greg,1
Avery,1
"2014).""ULA",1
"half"".",1
Denver,1
March2017.^Melody,1
"2014).""Congress",1
OKs,1
bill,1
banning,1
purchases,1
Russian-made,1
"engines"".The",1
"March2017.^Berger,",1
"2020).""Forget",1
secret,1
sauce,1
"success"".",1
«ars,1
«technica.Archivedfrom,1
"August2020.^""SEC",1
FORM,2
D:,4
Notice,4
Exempt,3
Offering,3
"Securities"".sec.gov.",3
December2020.This,5
"domain.^ab""Elon",1
"Musk"".tesla.com.Archivedfrom",2
"December2020.^""SEC",2
sale,1
"securities"".",1
Commission,1
(SEC).,1
2002.Archivedfrom,1
"domain.^""Kimbal",1
"December2020.^abc""SEC",1
2009.Archivedfrom,1
"domain.^Tzinis,",1
"2020).""Ms.",1
"Shotwell"".",1
"domain.^Roof,",1
Katie,1
"2017).""PayPal",1
co-founder,1
Luke,1
Nosek,1
Founders,1
"Fund,",1
SpaceX-focused,1
"fund"".",2
"January2021.^Schubarth,",1
Cromwell,1
Funded:,1
Jurvetson,1
$200M,1
Valley,1
"domain.^""Antonio",1
Gracias,1
Board,1
"Directors"".tesla.com.Archivedfrom",1
"February2020.^Hardy,",1
Quentin;,1
"Dougherty,",1
Conor,1
"2015).""Google",1
Fidelity,1
Into,1
(Published,1
"2015)"".The",1
Times.ISSN0362-4331.Archivedfrom,1
"December2020.^Hagey,",1
Keach,1
"2020).""Google",1
Gets,1
Grilling,1
Capitol,1
"Hill"".The",1
Journal.ISSN0099-9660.Archivedfrom,1
December2020.Further,1
"readingBerger,",1
Eric.Liftoff:,1
Desperate,1
Early,1
Days,1
Launched,1
Collins,1
"(2021).ISBN978-0008445621Davenport,",1
Christian.The,1
Barons;,1
Musk.,1
"Bezos,",2
Quest,2
Colonize,1
Cosmos.,1
PublicAffairs,1
"(2018).ISBN978-1610398299Fernholz,",1
Tim.Rocket,1
Billionaires:,1
Race.,1
Houghton,1
Mifflin,1
Harcourt,1
"(2018).ISBN978-1328662231Vance,",1
Ashlee.Elon,1
How,1
Shaping,1
Our,1
Future.,1
Penguin,1
Random,1
House,1
UK,1
(2015).ISBN978-0753555620External,1
linksWikimedia,1
Commons,2
media,1
related,3
toSpaceX.Wikinews,1
to:SpaceXWikiquote,1
quotations,1
to:SpaceXOfficial,1
websitevteSpaceXHistoryLaunch,1
vehiclesCurrentFalcon,1
9Block,1
5Falcon,1
HeavyIn,1
developmentStarship*development,1
historyRetiredFalcon,1
1Falcon,2
"9v1.0v1.1""Full",1
"Thrust""",1
v1.2Block,1
4CancelledFalcon,1
1e*Falcon,1
5*Falcon,1
Air*BFR,1
ITS*SpacecraftCargoDragon,1
CargoDragon,1
CargoStarship*CrewedDragon,1
CrewC206EndeavourC207ResilienceC210EnduranceStarship*Test,1
vehiclesCurrentStarship,1
prototypesRetiredGrasshopperF9R,1
Dev1†DragonFlyStarhopperUnflownF9R,1
Dev2*Rocket,1
enginesMerlin1A1B*1C1DVacuumKestrelDracoSuperDracoRaptorLists,1
missionsFalcon,1
HeavyStarlinkStarshipLaunch,1
facilitiesOrbitalCCSFSSLC-40KSCLC-39AVSFBSLC-4EFloating,1
platforms*Omelek,1
Island†AtmosphericMcGregorNew,1
Mexico†StarbaseBoca,1
ChicaLanding,1
sitesAutonomous,1
shipsLanding,1
ZonesLZ-1,1
LZ-2LZ-4Other,1
facilitiesHeadquarters,1
"factoryHawthorne,",1
CaliforniaRocket,1
"facilityMcGregor,",1
TexasSatellite,1
"facilityRedmond,",1
WashingtonRegional,1
"officesChantilly,",1
"Houston,",1
"Seattle,",1
DCSupportGO,1
Searcher(recovery,1
ship)GO,1
Navigator(recovery,1
ship)SpaceX,1
programContractsCommercial,1
ProgramCommercial,1
ServicesGateway,1
ServicesR&D,1
programsReusabilityFalcon,1
testsRed,1
Dragon(canceled)Mars,1
transportKey,1
"Musk(CEO,",1
CTO)Gwynne,1
Shotwell(President,1
COO)Tom,1
Mueller(former,1
VP,1
Development)RelatedCountdown:,1
Space(2021,1
docuseries)*,1
denotes,2
unflown,1
"engines,",1
sites.,1
†,1
destroyed,1
"vehicles,",1
abandoned,1
sites.CommonsvteElon,1
"MuskCompaniesZip2(1995–1999)X.com(1999–2000,",1
"laterPayPal)SpaceX(2002–present)Tesla,",1
Inc.(2004–present)Tesla,1
Energy(previouslySolarCity),1
(2006–present)OpenAI(2015–present)Neuralink(2016–present)The,1
Company(2016–present)Endeavor(2021–present)Related,1
topicsHyperloopTesla,1
spaceBoring,1
TunnelViewsAwards,1
honorsCriticism,1
TeslaTSLAQFamilyMaye,1
Musk(mother)Justine,1
Musk(first,1
wife)Talulah,1
Riley(second,1
wife)Grimes(former,1
partner)Kimbal,1
Musk(brother)Tosca,1
Musk(sister)Lyndon,1
Rive(cousin)In,1
Fantastic,1
Future(2015,1
biography)Ludicrous:,1
Unvarnished,1
Story,1
Motors(2019)Power,1
Play:,1
Bet,1
"Century(2021)""The",1
"Earth""",1
(The,1
"Simpsons,",1
"2015)""One",1
"Morty""",1
(Rick,1
"Morty,",1
2019)CategoriesvteSatellite,1
communicationsMain,1
articlesSatellite,1
televisionSatellite,1
radioSatellite,1
accessAmateur,1
satelliteGround,1
stationHigh-throughput,1
satelliteRelay,1
satelliteTransponderCarriage,1
disputeHardwareSAT>IPMonoblock,1
LNBDiSEqCUSALSAutomatic,1
Tracking,1
Satellite,3
DishMotor-driven,1
dishMulti-satelliteSatellite,1
dish(Parabolic,1
antennas)Satellite,1
phoneSatellite,1
modemSatellite,1
unitSpacebusVery-small-aperture,1
terminalSatellite,1
radio/TVDVB-SHS-DMBDVB-RCSDVB-S2DVB-S2XISDB-S3Digital,1
audio,1
serviceBroadcast,1
companiesAstra,1
Digital,2
RadioDirecTVDish,1
NetworkSirius,1
XM,1
HoldingsSky,1
UKViasat[Nordics]1worldspaceRelay,1
companiesEchoStarEutelsatGlobalstarHughesInmarsatIntelsatIntersputnikIridiumSED,1
SystemsSESTelesatToowayTurksatViasat[United,1
States]Satellite,1
manufacturersAirbusBoeingINVAPLockheed,1
MartinNorthrop,1
GrummanSpaceXSSLThales,1
Alenia,1
SpaceTrade,1
organizationsConsultative,1
SystemsETSI,1
RadioListsList,1
firstsList,1
communication,1
companiesCategoryCommonsvteSpace,1
colonizationCore,1
conceptsInterplanetary,1
spaceflightInterstellar,1
travelIntergalactic,1
travelPlanetary,1
habitabilitySpace,1
survivalSpace,1
habitatTerraformingSpace,1
habitatsBishop,1
RingMcKendree,1
cylinderO'Neill,1
cylinderStanford,1
torusColonization,1
targetsAsteroidsminingLagrange,1
pointsInner,1
Solar,2
SystemVenusMarsMoonOuter,1
SystemEuropaTitanTrans-Neptunian,1
objectsFree,1
spaceTerraforming,1
targetsMarsVenusOrganizationsMars,1
SocietyNASANational,1
SocietySpaceXThe,1
Planetary,1
SocietyvteSpace,1
tourismOrganizationsActiveAxiom,1
SpaceBigelow,1
AerospaceBlue,1
OriginAirbus,1
D&SMojave,1
Aerospace,1
VenturesOrbital,1
TechnologiesPDASRedwireSierra,1
Nevada,1
CorporationSpace,1
AdventuresThe,1
CompanySpaceX#dearMoon,1
projectVirgin,1
GalacticARCAAssociation,1
Autonomous,1
AstronautsAstronaute,1
Club,1
EuropéenCommercial,1
FederationCopenhagen,1
SuborbitalsSpace,1
FoundationSpace,1
Tourism,1
SocietyDefunctArmadillo,1
AerospaceGolden,1
Spike,1
CompanyOrion,1
SpanRocketShip,1
ToursSpace,1
Island,2
Group(Space,1
Project)XCOR,1
AerospaceVehiclesCurrentSoyuzDragon,1
2New,1
ShepardSpaceShipTwoFutureNew,1
GlennSpaceShip,1
IIIStarlinerStarshipLiving,1
spaceCommercialization,1
spaceSpace,1
colonizationSpace,1
habitatSpace,1
medicineSpace,1
stationSuborbital,1
spaceplaneSpace,1
competitionsAmerica's,1
PrizeAnsari,1
PrizeGoogle,1
PrizeSpace,1
elevator,1
competitionsSpace,1
touristsPastDennis,1
TitoMark,1
ShuttleworthGregory,1
OlsenAnousheh,1
AnsariCharles,1
SimonyiRichard,1
GarriottGuy,1
LalibertéOliver,1
DaemenJared,1
IsaacmanSian,1
ProctorHayley,1
ArceneauxChristopher,1
SembroskiKlim,1
ShipenkoYulia,1
PeresildPlannedYusaku,1
MaezawaYozo,1
HiranoLarry,1
ConnorMark,1
PathyEytan,1
StibbeSpace,1
tourismmissionsPastInspiration4Blue,1
Origin,1
NS-16PlannedAxiom-1dearMoonRelatedAxiom,1
SegmentTourism,1
MoonSpaceflight,1
portalStars,1
portalAstronomy,1
portalRocketry,1
portalLos,1
portalCompanies,1
portalAuthority,1
controlGeneralIntegrated,1
Authority,1
File,1
(Germany)ISNI1VIAF1WorldCatNational,1
librariesNorwayUnited,1
StatesCzech,1
RepublicIsraelRetrieved,1
"""https://en.wikipedia.org/w/index.php?title=SpaceX&oldid=1049877423""Categories:SpaceX2002",1
CaliforniaAerospace,1
StatesAmerican,1
2002Commercial,1
providersCompanies,1
CaliforniaElon,1
"MuskHawthorne,",1
CaliforniaHyperloopManufacturing,1
AngelesManufacturing,1
2002Private,1
companiesScience,1
AngelesSpacecraft,1
manufacturersTechnology,1
AngelesTechnology,1
2002Hidden,1
categories:Webarchive,1
linksSource,1
attributionAll,1
linksArticles,1
2021Articles,1
linksCS1,1
unknownCS1,1
periodicalArticles,1
descriptionShort,1
WikidataWikipedia,1
vandalismUse,1
2019All,1
EnglishUse,1
2020Coordinates,1
WikidataPages,1
nameArticles,1
2012All,1
statementsCommons,1
WikidataArticles,1
identifiersArticles,8
clipsNavigation,1
menuPersonal,1
toolsNot,1
logged,1
inTalkContributionsCreate,1
accountLog,1
inNamespacesArticleTalkVariantsexpandedcollapsedViewsReadView,1
sourceView,1
historyMoreexpandedcollapsedSearchNavigationMain,1
pageContentsCurrent,1
eventsRandom,1
articleAbout,1
WikipediaContact,1
usDonateContributeHelpLearn,1
editCommunity,1
portalRecent,1
changesUpload,2
fileToolsWhat,1
hereRelated,1
fileSpecial,1
pagesPermanent,1
linkPage,1
informationCite,1
pageWikidata,1
itemPrint/exportDownload,1
PDFPrintable,1
versionIn,1
projectsWikimedia,1
CommonsWikinewsWikiquoteLanguagesAfrikaansالعربيةAragonésAsturianuAzərbaycancaتۆرکجهবাংলাBân-lâm-gúБеларускаяभोजपुरीБългарскиCatalàЧӑвашлаČeštinaChi-ChewaCymraegDanskDeutschEestiΕλληνικάEspañolEsperantoEuskaraفارسیFrançaisGaeilge한국어Հայերենहिन्दीHrvatskiBahasa,1
IndonesiaInterlingueÍslenskaItalianoעבריתქართულიҚазақшаKurdîКыргызчаLatviešuLëtzebuergeschLietuviųLimburgsMagyarമലയാളംमराठीმარგალურიBahasa,1
Melayuꯃꯤꯇꯩ,1
ꯂꯣꯟМонголNederlandsनेपाली日本語Norsk,1
bokmålNorsk,1
nynorskOccitanOʻzbekcha/ўзбекчаPolskiPortuguêsRomânăRuna,1
SimiРусскийScotsShqipSimple,1
EnglishSlovenčinaSlovenščinaکوردیСрпски,1
srpskiSrpskohrvatski,1
српскохрватскиSuomiSvenskaTagalogதமிழ்ไทยTürkçeУкраїнськаئۇيغۇرچە,1
UyghurcheTiếng,1
Việt吴语Yorùbá粵語Žemaitėška中文Edit,1
linksThis,1
page,1
edited,1
11:23(UTC).Text,1
available,1
theCreative,1
Attribution-ShareAlike,1
License;,1
terms,1
apply.,1
"site,",1
agree,1
theTerms,1
UseandPrivacy,1
Policy.,1
Wikipedia®,1
registered,1
trademark,1
theWikimedia,1
"Foundation,",2
non-profit,1
organization.Privacy,1
policyAbout,1
WikipediaDisclaimersContact,1
WikipediaMobile,1
viewDevelopersStatisticsCookie,1
"statement(RLQ=window.RLQ||[]).push(function(){mw.config.set({""wgPageParseReport"":{""limitreport"":{""cputime"":""2.534"",""walltime"":""2.904"",""ppvisitednodes"":{""value"":15797,""limit"":1000000},""postexpandincludesize"":{""value"":636893,""limit"":2097152},""templateargumentsize"":{""value"":16954,""limit"":2097152},""expansiondepth"":{""value"":21,""limit"":40},""expensivefunctioncount"":{""value"":21,""limit"":500},""unstrip-depth"":{""value"":1,""limit"":20},""unstrip-size"":{""value"":806270,""limit"":5000000},""entityaccesscount"":{""value"":1,""limit"":400},""timingprofile"":[""100.00%",1
2403.398,1
"-total"",""",1
58.29%,1
1400.884,1
"Template:Reflist"",""",1
33.20%,1
797.983,1
164,1
"Template:Cite_web"",""",1
9.79%,1
235.378,1
49,1
"Template:Cite_news"",""",1
9.27%,1
222.708,1
"Template:Infobox_company"",""",1
8.69%,1
208.817,1
"Template:Infobox"",""",1
3.38%,1
81.241,1
"Template:Elon_Musk_series"",""",1
3.22%,1
77.473,1
"Template:Sidebar"",""",1
3.13%,1
75.330,1
"Template:Short_description"",""",1
2.77%,1
66.570,1
"Template:Official_URL""]},""scribunto"":{""limitreport-timeusage"":{""value"":""1.428"",""limit"":""10.000""},""limitreport-memusage"":{""value"":15191416,""limit"":52428800},""limitreport-profile"":[[""?"",""400"",""26.7""],[""Scribunto_LuaSandboxCallback::match"",""140"",""9.3""],[""Scribunto_LuaSandboxCallback::callParserFunction"",""140"",""9.3""],[""dataWrapper",1
"\u003Cmw.lua:668\u003E"",""80"",""5.3""],[""select_one",1
"\u003CModule:Citation/CS1/Utilities:345\u003E"",""80"",""5.3""],[""Scribunto_LuaSandboxCallback::getAllExpandedArguments"",""60"",""4.0""],[""Scribunto_LuaSandboxCallback::gsub"",""60"",""4.0""],[""date"",""40"",""2.7""],[""type"",""40"",""2.7""],[""coins_replace_math_stripmarker",1
"\u003CModule:Citation/CS1/COinS:96\u003E"",""40"",""2.7""],[""[others]"",""420"",""28.0""]]},""cachereport"":{""origin"":""mw1452"",""timestamp"":""20211018210731"",""ttl"":1814400,""transientcontent"":false}}});});{""@context"":""https:\/\/schema.org"",""@type"":""Article"",""name"":""SpaceX"",""url"":""https:\/\/en.wikipedia.org\/wiki\/SpaceX"",""sameAs"":""http:\/\/www.wikidata.org\/entity\/Q193701"",""mainEntity"":""http:\/\/www.wikidata.org\/entity\/Q193701"",""author"":{""@type"":""Organization"",""name"":""Contributors",1
Wikimedia,1
"projects""},""publisher"":{""@type"":""Organization"",""name"":""Wikimedia",1
"Inc."",""logo"":{""@type"":""ImageObject"",""url"":""https:\/\/www.wikimedia.org\/static\/images\/wmf-hor-googpub.png""}},""datePublished"":""2004-07-16T17:12:15Z"",""dateModified"":""2021-10-14T11:23:23Z"",""image"":""https:\/\/upload.wikimedia.org\/wikipedia\/commons\/e\/ee\/Iridium-4_Mission_%2825557986177%29.jpg"",""headline"":""American",1
"company""}(RLQ=window.RLQ||[]).push(function(){mw.config.set({""wgBackendResponseTime"":130,""wgHostname"":""mw1415""});});",1
