word,count
original,193
spacex,145
launch,96
falcon,93
retrieved1,87
first,83
9,75
may,71
march,65
2017.,55
february,54
june,50
december,45
2020.,44
dragon,42
the,41
1,41
september,41
april,40
rocket,39
2021.,38
company,37
july,35
january,34
nasa,34
august,32
november,32
musk,31
satellite,27
archive,26
fromthe,25
starship,24
starlink,24
space,23
commercial,23
million,22
force,22
crew,21
private,21
land,20
2019.,20
development,20
orbital,20
october,20
17,20
2,20
originalon,20
cargo,19
flight,19
spacex's,19
spacex.,18
new,18
u.s.,18
spacecraft,18
musk's,17
billion,17
20,16
successfully,16
elon,16
heavy,16
air,16
2018.,15
also,15
vehicle,15
3,15
text,15
"source,",15
thepublic,15
2016.,14
–,14
retrieved31,14
approximately,14
mission,14
6,14
30,14
contract,14
missions,13
theinternational,13
early,13
provide,13
19,13
announce,13
16,13
28,13
23,13
27,12
in,12
since,12
award,12
7,12
12,12
would,11
21,11
earth,11
engine,11
three,11
los,11
one,11
stage,11
spaceport,10
18,10
dead,10
two,10
send,10
eric,10
22,10
iss,10
13,10
"march2017.^""spacex",10
retrieved2,9
"2020,",9
26,9
successful,9
2020.archivedfrom,9
reusable,9
test,9
astronauts,9
retrieved16,9
drone,9
4,9
constellation,9
"2019,",9
transport,8
11,8
"9,",8
identifiersarticles,8
bore,8
second,8
equity,8
orbit,8
valuation,8
retrieved21,8
2020,8
"2021,",8
part,8
total,8
times.archivedfrom,8
angeles,8
base,8
2019.archivedfrom,8
"identifiers"",""articles",8
additional,8
spacenews.archivedfrom,8
"2015,",8
follow,8
retrieved29,7
"orbit,",7
2011.,7
spacenews.,7
unite,7
market,7
2012.,7
"2021).""spacex",7
internet,7
"2012,",7
(27,7
(4,7
&,7
texas,7
begin,7
use,7
international,7
york,7
nearly,7
p.,7
(21,7
large,7
exploration,7
booster,7
operate,7
retrieved17,7
31,7
global,7
"spacex,",7
american,7
5,7
2015.,6
29,6
0.4em,6
station,6
site,6
news.archivedfrom,6
privately,6
mar,6
business,6
article,6
system,6
"2017,",6
external,6
could,6
de,6
2016,6
worth,6
xl,6
(15,6
raise,6
cost,6
number,6
2019,6
technologies,6
national,6
(2021).liftoff.william,6
for,6
"dragon,",6
retrieved3,6
crs,6
fund,6
"2016).""spacex",6
(19,6
.citation,6
10,6
achieve,6
canaveral,6
greater,6
complex,6
(25,6
time,6
morrow,6
program,6
contain,6
1em,6
thedragon,6
vehicles,6
15,6
8,6
develop,6
establish,6
service,6
retrieved28,6
company.,6
security,6
(20,5
late,5
2013.,5
december2020.this,5
payload,5
achievements,5
estimate,5
b.,5
"musk,",5
selding,5
25,5
resupply,5
competition,5
around,5
original(pdf)on,5
2008.,5
(2,5
"time,",5
recovery,5
operational,5
several,5
this,5
(16,5
demo,5
largest,5
reuse,5
ula,5
14,5
thewayback,5
series,5
another,5
as,5
2014.,5
four,5
0.4em}.mw-parser-output,5
michael,5
engines,5
all,5
"a,.mw-parser-output",5
retrieved20,5
retrieved22,5
"2018,",5
article:spacex,5
2015,5
it,5
(22,5
gateway,5
"missions,",5
|,5
technology,5
aerospace,5
retrieved15,5
nasa.archivedfrom,5
2017,5
/,5
block,5
retrieved30,4
orbits.,4
theunited,4
technica.archivedfrom,4
"flight,",4
gps,4
abort,4
production,4
missile,4
escape,4
retrieved4,4
potentially,4
retrieved14,4
support,4
act,4
design,4
cots,4
"company,",4
conduct,4
2010,4
retrieved5,4
lb),4
capable,4
allow,4
space.com.,4
cape,4
spaceflight,4
afalcon,4
(12,4
(9,4
retrieved6,4
march2017.this,4
(3,4
belfiore,4
2019first,4
tesla,4
fully,4
plan,4
retrieved11,4
certify,4
price,4
hold,4
no-repeat}.mw-parser-output,4
2006,4
0.1em,4
mcgregor,4
musk:,4
"spacecraft,",4
hawthorne,4
now.archivedfrom,4
(30,4
monopoly,4
purchase,4
(17,4
return,4
"2016,",4
"2020).""spacex",4
thefalcon,4
supply,4
"million,",4
year,4
transportation,4
atlantic,4
"launches,",4
2012,4
operation,4
low,4
10%,4
(10,4
payloads,4
24,4
notice,4
"facility,",4
d:,4
"2016).""elon",4
major,4
"2014).""spacex",4
construction,4
"launch,",4
journal.archivedfrom,4
logistics,4
hyperloop,4
nasa's,4
2018,4
nasa.,4
record,4
six,4
reach,4
set,4
2014,4
history,3
google,3
least,3
soon,3
work,3
research,3
by,3
2021,3
washington,3
kg,3
thus,3
subsidies,3
even,3
"land,",3
big,3
articles:spacex,3
modify,3
march2017.[permanent,3
"tesla,",3
end,3
company's,3
vehicle.,3
merlin,3
power,3
"1,",3
demonstration,3
"vehicle,",3
petersen,3
km,3
like,3
retrieved8,3
almost,3
superdraco,3
march2017.^peter,3
static,3
"2015).""spacex",3
oil,3
launches.,3
"rocket,",3
state,3
to,3
lower,3
"crew,",3
transfer,3
that,3
break,3
release).,3
future,3
put,3
$100,3
(13,3
of,3
explosion,3
"spacex"".",3
make,3
manifest,3
deliver,3
its,3
jeff,3
initial,3
2018.archivedfrom,3
texas.,3
with,3
south,3
60,3
world's,3
fire,3
city,3
"securities"".sec.gov.",3
exempt,3
co.,3
cause,3
street,3
"4,425",3
aviation,3
us$12,3
propellant,3
provider,3
military,3
sq,3
ft,3
m2),3
cnn.archivedfrom,3
nine,3
"2014,",3
indicate,3
customers,3
extend,3
2021.archivedfrom,3
(28,3
rocket's,3
2017first,3
locate,3
servicescommercial,3
2008,3
employees,3
"2010,",3
jonathan,3
relate,3
user's,3
shotwell,3
(5,3
larger,3
resources,3
final,3
brightness,3
retire,3
gwynne,3
capabilities,3
"contract,",3
"test,",3
techcrunch.archivedfrom,3
single,3
berth,3
x,3
spacex.archivedfrom,3
orbital-class,3
most,3
"program,",3
"2011,",3
systems,3
first-stage,3
ten,3
many,3
steve,3
liquid-fueled,3
office,3
all-civilian,3
retrieved19,3
(24,3
2017.archivedfrom,3
from,3
cnbc.archivedfrom,3
chairman,3
"chica,",3
former,3
2012.archivedfrom,3
mechanics.archivedfrom,3
short,3
ceo,3
california,3
"starship,",3
"march2017.^""falcon",3
press,3
now.,3
public,3
"launch"".",3
"march2017.^""nasa",3
status,3
refurbishment,3
"2012).""elon",3
url,3
(26,3
no.,3
train,3
vertical,3
recover,3
solid,3
(falcon,3
service.,3
become,3
(14,3
ever,3
(8,3
a,3
intend,3
goal,3
california.,3
"inhawthorne,",3
historic,3
"county,",3
(18,3
cut,3
million.,3
success,3
build,3
bot:,3
link,3
maint:,3
center/9px,3
"december2020.^""sec",2
facility,2
"musk"".tesla.com.archivedfrom",2
"inmcgregor,",2
"machine,",2
carry,2
6%,2
acquire,2
isni,2
viaf,2
headquarter,2
"1,100",2
"8,000",2
security',2
"rocket"".",2
'national,2
upon,2
reduce,2
thereaction,2
systemof,2
retrieved12,2
investors,2
dollar,2
concepts,2
"2019).""after",2
lccn,2
dominate,2
dragon's,2
aboard,2
pp.,2
nkc,2
a.;,2
"addition,",2
european,2
arianespace,2
less,2
william,2
hq,2
compete,2
openly,2
bibsys,2
soil,2
"base,",2
customer,2
center,2
theariane,2
"california,",2
capability,2
gnd,2
9andfalcon,2
"2015).""elon",2
form,2
statements,2
"stage,",2
trade,2
"suppliers,",2
"foundation,",2
j.;,2
matthew,2
retrieved24,2
march2017.^kenneth,2
"testing,",2
uncrewed,2
cost.,2
times.,2
article:commercial,2
key,2
adjacent,2
.sidebar-collapse,2
infobox,2
chang,2
date,2
"2019).""air",2
addition,2
facilitiesmain,2
2021first,2
vehicles.,2
manufacture,2
thespacex,2
tim,2
decade,2
$1,2
ramp,2
family,2
category,2
island,2
2009.,2
be,2
.mw-parser-output,2
j.,2
dream,2
include,2
"fund"".",2
long-term,2
1was,2
"2021).""elon",2
bloomberg.archivedfrom,2
station(iss),2
much,2
nli,2
teslarati.archivedfrom,2
five,2
cultureelon,2
0;line-height:1.2em}.mw-parser-output,2
enterprise,2
2011,2
look,2
zone,2
come,2
data,2
magazine.archivedfrom,2
"2,",2
vandenberg,2
fell,2
ship,2
"2019).""spacex",2
frontier,2
jackie,2
who,2
"2012).""inside",2
tofalcon,2
".sidebar-above,.mw-parser-output",2
"15,",2
add,2
prototype,2
stage.,2
assessment,2
explode,2
"format,",2
crew-2,2
consider,2
workforce,2
radio,2
order,2
ignite,2
"additionally,",2
vehiclecapable,2
cnbc.,2
verify,2
retrieved10,2
prototypes,2
$36,2
seven,2
"coo,",2
"shotwell,",2
free,2
inclination,2
leave,2
fill,2
securities,2
finally,2
near,2
executive,2
place,2
delivery,2
boca,2
government,2
federal,2
core,2
publicly,2
broadband,2
inaugural,2
"nearbrownsville,",2
establishments,2
bring,2
0}.mw-parser-output,2
sky,2
us$1,2
west,2
video,2
worldcatid,2
communications,2
want,2
facilities,2
lay,2
"2020).""spacex's",2
.navbar,2
"inc.,",2
americaspace.,2
batch,2
.reflist-columns,2
kilograms,2
news,2
retrieved18,2
rural,2
crewcoo's,2
sign,2
deployment,2
restructure,2
wall,2
due,2
roadster,2
subsequently,2
2007.,2
strut,2
steel,2
"february2019.^""spacex",2
"2019).""the",2
deal,2
minutes,2
per,2
maiden,2
0,2
40%,2
float,2
earlier,2
paul,2
suitable,2
permit,2
us,2
berger,2
department,2
cnet.archivedfrom,2
raptor,2
altitude,2
digital,2
secure,2
project,2
changesupload,2
miss,2
on,2
/33.9207;,2
errors:,2
human-rated,2
thecrew,2
us$100,2
stationwith,2
"2008,",2
result,2
these,2
"station"".",2
match,2
corp.,2
traditional,2
clark,2
option,2
"2019).""spacex's",2
dock,2
iss.,2
post.archivedfrom,2
description,2
rig,2
ipo,2
autonomously,2
peopleelon,2
covid-19,2
reportedly,2
billionaire,2
astronaut,2
"march2018.^""spacex",2
"kang,",2
here's,2
finance,2
prior,2
bergin,2
moon,2
attempt,2
go,2
9launch,2
"employees,",2
approve,2
"overview"".",2
personally,2
redesign,2
"sites,",2
"2005,",2
link]^spacex,2
reveal,2
nasaspaceflight.com.,2
"mission"".",2
years,2
facilitiesfalcon,2
wayback,2
gatewayspace,2
reflight,2
invite,2
template,2
cto,2
"texas,",2
"2002,",2
100th,2
"washington,",2
permanently,2
members,2
118.3278°w﻿,2
orbit.[85]falcon,2
"cargo,",2
﻿33.9207°n,2
currently,2
firstorbital,2
alliance(ula),2
"june2021.^""spacex",2
know,2
classify,2
"inredmond,",2
(11,2
irene,2
affordable,2
denote,2
decrease,2
week,2
week.archivedfrom,2
take,2
configuration,2
we,2
nasaspaceflight.com.archivedfrom,2
"failure"".",2
small,2
commercially,2
capacity,2
darrell,2
highest,2
lift,2
"manufacturing,",2
2005,2
decide,2
instead,2
2016.archivedfrom,2
name,2
english,2
recent,2
originally,2
silicon,2
"missions"".",2
lbf),2
ocean,2
solar,2
capsule,2
commons,2
(6,2
draco,2
exist,2
every,2
humans,2
2020first,2
chow,2
high,2
heavy-lift,2
"2016"".",2
creation,2
march2017.^michael,2
top,2
vow,2
quest,2
each,2
services(cots),2
"bezos,",2
2015.archivedfrom,2
thecommercial,2
"2013).""spacex",2
primary,2
master,2
cloud,2
(29,2
line,2
"heavy,",2
spaceship,2
behalf,2
wikipedia,2
fair,2
committee,2
hans,2
coo,2
passenger,2
1falcon,2
page,2
(1,2
fly,2
"starlink,",2
"mars,",2
sandra,2
combustion,2
"firm,",2
dmy,2
super,2
perform,2
stag,2
vice,2
write,2
interplanetary,2
industry.,2
semi-protected,2
rapid,2
inspiration4,2
thomas,2
2010.archivedfrom,2
focus,2
issue,2
lead,2
latest,2
hundred,2
orange,2
verge.archivedfrom,2
reusability,2
retrieved25,2
"2009""(pdf).",1
"march2017.^bergin,",1
change,1
"guide,",1
meet,1
sub-versions,1
"2012).""is",1
prospect,1
kill,1
"domain.^erwin,",1
“blocks”.,1
"tesla"".bloomberg.com.",1
"equation?"".",1
newspace,1
"september2008.^ab""falcon",1
smithsonian.,1
wild,1
"heavy"".",1
vance,1
ambitious,1
"september2019.^""spacex",1
(31,1
"summary"".archivedfrom",1
"june2021.^abo'callaghan,",1
lindsey,1
"2012).""falcon",1
"2013).""newspace",1
january2013.^spacexcmsadmin,1
watch.archivedfrom,1
"june2021.^""total",1
march2017.^abcdashlee,1
"2013"".",1
"makers"".",1
physics,1
"design,",1
largely,1
refer,1
"kit""(pdf).",1
1.,1
usaf.,1
"april2021.^ab""falcon",1
uk.archivedfrom,1
"2009).""behind",1
"variant.^""falcon",1
"april2017.^ab""air",1
"super-rocket"".wired",1
march2017.^podcast:,1
march2017.^clark,1
methane-guzzling,1
force's,1
scenes,1
"orbits"".",1
"counter"".archivedfrom",1
visual,1
(january,1
gebhardt,1
"2015),elon",1
honor,1
sci-fi,1
"legend,archivedfrom",1
"may2020^burghardt,",1
"spaceports"".nasaspaceflight.com.archivedfrom",1
march2021.^chris,1
"2017).""the",1
"plans"".",1
"moon,",1
update,1
bfr,1
"architecture,",1
"plans"".archivedfrom",1
"may2020.^""elon",1
"""dangerous""",1
march2017.^spacex,1
simberg,1
"february2019.^""elon",1
march2020.this,1
retrieved7,1
"december2020.^potter,",1
sean,1
"2020).""nasa",1
artemis,1
"services"".",1
"unedited"".",1
"domain.^clark,",1
march2020.^rand,1
"stephen.""nasa",1
pick,1
lunar,1
"orbit"".",1
"march2020.^""dragon",1
tie,1
"contract"".",1
"scared"".cbsnews.com.archivedfrom",1
o'brien,1
chaikin,1
"date"".",1
guardian.archivedfrom,1
march2017.^sarah,1
fecht,1
"2025"".",1
science.archivedfrom,1
"seattle"".",1
heaviest,1
"subpoena"".archivedfrom",1
live,1
"july2019.^""starlink",1
"statistics"".planet4589.org",1
hire,1
jonathan's,1
pages.archivedfrom,1
"2021.^o'callaghan,",1
doj,1
"simulation'"".the",1
we're,1
hinge,1
terdiman,1
giant,1
engadget.archivedfrom,1
mystery,1
"passenger,",1
he's,1
"billionaire"".",1
september2018.^daniel,1
june2021.^abmiles,1
'chances,1
"2013).""elon",1
sxsw:,1
'i'd,1
die,1
"impact'"".",1
march2017.^alex,1
hern,1
"flight"".",1
"us"".^""spacex",1
kind,1
"2009).""risky",1
"kestrel"".",1
"business"".",1
june2021.cs1,1
unknown,1
"(link)^""spacex",1
long-duration,1
"restart""(press",1
march2017.^abelon,1
ieee,1
foundation.,1
"foundation"".",1
"march2017.^colangelo,",1
"anthony.""farewell,",1
life,1
red,1
"2001).""elon",1
astronautica,1
"august2013.^""encyclopedia",1
seats.,1
dave,1
chris,1
lid,1
v2,1
"spacecraft"".nasaspaceflight.com.archivedfrom",1
"may2014.^""falcon",1
"guide""(pdf).",1
"february2019.^fischer,",1
(august,1
society.archivedfrom,1
march2017.^abcdandrew,1
"2010).""pintle",1
spectrum.archivedfrom,1
injector,1
"engines"".national",1
society,1
blog.,1
"dragon"".main",1
off.archivedfrom,1
mcknight,1
june2020.'with,1
different,1
stephen,1
(7,1
"redesigns,",1
finish,1
sight,1
"spaceship"".",1
[the,1
"engine"".",1
parachutes],1
angle,1
"seats,",1
get,1
"anymore',",1
said.,1
"""so",1
"march2019.^clark,",1
"nasaspaceflight.com"".",1
splashdown,1
conclude,1
"april2017.^grush,",1
loren,1
carter,1
"time"".",1
"april2019.^""big",1
news!,1
starhopper,1
"flight!"".",1
march2017.^abjohn,1
"august2019.^berger,",1
"2020).""so,",1
pretty,1
good,1
"rocketing"".ars",1
"march2021.^""crew",1
launcherarchivedjune,1
$300,1
"10,",1
"march2017.^ab""elon",1
march2017.^denise,1
rebuild,1
"aftermath"".orlando",1
sentinel.archivedfrom,1
march2017.^loren,1
grush,1
"march2017.^""anomaly",1
"updates"".",1
news.,1
'flight-proven',1
'better,1
"rocket"".the",1
"splash"".bbc",1
voyage,1
recycle,1
"rocket"".nbc",1
now,1
valuable,1
capsule's,1
"companies"".the",1
santana,1
march2017.^marco,1
"2010).""q",1
happen,1
robert,1
"ship"".cnbc.archivedfrom",1
march2021.^peter,1
$270,1
"2016).""spacex's",1
builders,1
"inquiry,",1
"2011).""private",1
june2017.^denise,1
valley's,1
test-and-fail,1
"ethos"".",1
march2017.^calandrelli,1
space.com.archivedfrom,1
"e,",1
"dragons"".",1
escher,1
"2016).""the",1
events,1
"domain.^ab""private",1
june2017.this,1
constantly,1
tame,1
"(spacex)""(pdf).archived(pdf)from",1
2017.^agenda,1
item,1
"march2021.^berger,",1
"council,",1
agenda,1
billarchived24,1
"9"".nasaspaceflight.com.archivedfrom",1
cadence,1
50,1
nasa.archived(pdf)from,1
"2017).""spacex",1
"217–221.isbn978-0-06-297997-1.^graham,",1
"11,",1
"216.isbn978-0-06-297997-1.^berger,",1
"178–182.isbn978-0-06-297997-1.^berger,",1
community,1
"department,",1
"hawthorne,",1
"18.^berger,",1
"222.isbn978-0-06-297997-1.^david,",1
affairs,1
senior,1
"leonard.""spacex",1
"committee""(pdf).",1
nac,1
"november2017.^""as",1
steamroller,1
"surges,",1
industry,1
"2010).""minutes",1
"resist"".",1
frankel,1
july2018.^spacexcmsadmin,1
"2012).""company"".",1
march2021.^abdavid,1
"march2018.^abc""company",1
"march2017.^hughes,",1
nbc,1
"2017).""statement",1
"vehicle"".msnbc.",1
hughes,1
tackle,1
"march2017.^wright,",1
"funds"".",1
tonight's,1
"$20/share,",1
esa:,1
need,1
"help"".",1
secondary,1
pre-mission,1
"2014).""satellite",1
esa,1
ariane,1
"costs"".",1
link]^melody,1
"2015).""background",1
$2.4,1
"march2017.^""privately-held",1
cbc,1
upset,1
firm's,1
blast,1
"2012).""private",1
"satellites"".the",1
march2017.^abcanadian,1
"2014).""arianespace",1
svitak,1
"station"".privco.com.",1
march2017.^amy,1
"tim.""the",1
single-minded,1
pursuit,1
"2012.^abfernholz,",1
"reusability"".quartz.archivedfrom",1
march2021.^abpeter,1
secondmarket.,1
"secondmarket"".",1
overview,1
venturebeat.archivedfrom,1
us$4.8,1
"2015).""arianespace,",1
battle,1
skyrocket,1
"2012).""spacex's",1
draw,1
"contracts"".",1
bilton,1
march2017.^ricardo,1
"march2017.^""air",1
budget,1
"race"".",1
"space"".the",1
2018.^caleb,1
"(spacex)""(pdf).",1
march2017.^stephen,1
"2015).""support",1
probable,1
"president,",1
march2017.^samantha,1
masunaga,1
melody,1
koeningsmann,1
dr.,1
instant.,1
figure,1
involve,1
mountain,1
"data"".the",1
"2018).""statement",1
march2017.^elon,1
"march2017.^koenigsmann,",1
melby,1
founder,1
undercut,1
"2012).""how",1
"prices"".",1
win,1
ars,1
stuff,1
right,1
have,1
why,1
watts,1
march2018.^brian,1
march2017.^jane,1
bloomberg.,1
"spacex"".bloomberg.com.",1
confirm,1
"investment"".",1
march2017.^cecilia,1
"march2017.^""elon",1
"over"".forbes.archivedfrom",1
christian,1
davenport,1
"13,",1
aug,1
"2018^nelson,",1
landing),1
may2021.^eric,1
ralph,1
99th,1
check,1
"[updated]"".",1
"august2020.^""spacex",1
10th,1
liftoff,1
(and,1
fortune,1
$46,1
his,1
may2021.^abstephen,1
bet,1
"2008).""sweet",1
"2007).""elon",1
"2012).""space",1
"station"".the",1
carl,1
"may2012.^""spacex,",1
"connectivity"".cnbc.archivedfrom",1
"2021).""google",1
jordan,1
beyond,1
cnn,1
contribute,1
business.archivedfrom,1
"august2020.^absheetz,",1
$850,1
spend,1
jump,1
$74,1
"billion"".cnbc.archivedfrom",1
$90,1
"february2021.^abfoust,",1
june2015.spacex,1
40.archived(pdf)from,1
"systems""(pdf).nasa.gov.",1
"march2014.^""commercial",1
"orbit"".wired",1
"round"".spacenews.archivedfrom",1
earth's,1
"april2021.^novet,",1
"first,",1
us$6,1
"march2021.^abhoffman,",1
"may2020.^""spacex's",1
"rendezvous"".",1
"june2020.^hennessy,",1
cosmic,1
rideshare,1
"program"".nbc",1
retrieved26,1
"january2021.^dent,",1
clear,1
"missions"".archivedfrom",1
"2020^berger,",1
"spaceflight"".nbc.archivedfrom",1
"klotz,",1
"september2021.^gorman,",1
"safely"".reuters.archivedfrom",1
"september2021.^ab""falcon",1
machineaviation,1
"heavy"".archivedfrom",1
february2021.the,1
v1.2,1
1st,1
"launches"".the",1
nose,1
"january2021.^""spacex",1
cone,1
"9"".",1
fortune.com.archivedfrom,1
may2017.^spacexcmsadmin,1
"2016).""zuma",1
usatoday.com.archivedfrom,1
"frontier"".",1
"june2017.^burghardt,",1
entice,1
sector,1
"2019).""starhopper",1
debut,1
"2005).""private",1
kevin,1
"december2012.^maney,",1
chica,1
"corporation"".",1
"hop"".nasaspaceflight.com.archivedfrom",1
"22.isbn978-0-06-297997-1.^""space",1
"'unicorn'"".",1
extent,1
laura,1
mr.,1
over,1
financial,1
"ties"".the",1
satnews.com.,1
"re-entry"".",1
destroy,1
december2018.when,1
spin,1
90%,1
rest,1
"jackie.""spacex",1
employees...,1
give,1
compensation,1
help...,1
"stock,",1
"""based",1
"company"".^wattles,",1
lose,1
"workers"".",1
question,1
2007.^graham,1
"2018).""elon",1
rob,1
"technology,18–25",1
"50,""aviation",1
"2017).""elon",1
dig,1
darpa,1
thinking:,1
"l.a.""los",1
retrieved13,1
"""blue",1
"september2018.^""nothing",1
"norris,",1
"""boring""",1
about,1
newly,1
underground,1
"tunnel"".cbslocal.com.",1
guy,1
warwick,1
"february2019.^abcopeland,",1
but,1
"2019.^abpatel,",1
"neel.""spacex",1
"rumors"".",1
"may2020.^abchang,",1
kenneth,1
era,1
trip,1
shuttle,1
215.isbn978-0-06-297997-1.^michael,1
"retired"".the",1
"may2020.^wattles,",1
"cnn"".",1
"may2020.^""spacex-nasa",1
demo-2,1
"costs.^berger,",1
launch:,1
"answered"".indianexpress.com.",1
$390,1
"june2020.^""elon",1
$1.9,1
"funding"".reuters.",1
"august2020.^wattles,",1
observer.archivedfrom,1
clarify,1
biggest,1
"valuation,",1
"network"".",1
mit,1
review.archivedfrom,1
2006.archivedfrom,1
retrieved9,1
"january2020.^sheetz,",1
"partners"".",1
wired.,1
"ignites"".",1
prize,1
$250,1
"billion"".",1
"may2020.^""spacex",1
$33.3,1
"opportunity"".",1
"2005).""race",1
"june2019.^cao,",1
sissi,1
"2020).""as",1
monthly,1
cents,1
than,1
topicshyperlooptesla,1
"engines,",1
sites.,1
†,1
"vehicles,",1
abandon,1
sites.commonsvteelon,1
"muskcompanieszip2(1995–1999)x.com(1999–2000,",1
"laterpaypal)spacex(2002–present)tesla,",1
inc.(2004–present)tesla,1
energy(previouslysolarcity),1
(2006–present)openai(2015–present)neuralink(2016–present)the,1
company(2016–present)endeavor(2021–present)related,1
spaceboring,1
docuseries)*,1
tunnelviewsawards,1
honorscriticism,1
teslatslaqfamilymaye,1
musk(mother)justine,1
musk(first,1
wife)talulah,1
riley(second,1
wife)grimes(former,1
partner)kimbal,1
musk(brother)tosca,1
musk(sister)lyndon,1
rive(cousin)in,1
unflown,1
space(2021,1
future(2015,1
programcontractscommercial,1
"facilitymcgregor,",1
texassatellite,1
"facilityredmond,",1
washingtonregional,1
"officeschantilly,",1
"houston,",1
"seattle,",1
dcsupportgo,1
searcher(recovery,1
ship)go,1
navigator(recovery,1
ship)spacex,1
programcommercial,1
development)relatedcountdown:,1
servicesgateway,1
servicesr&d,1
programsreusabilityfalcon,1
testsred,1
dragon(canceled)mars,1
transportkey,1
"musk(ceo,",1
cto)gwynne,1
shotwell(president,1
coo)tom,1
mueller(former,1
vp,1
fantastic,1
biography)ludicrous:,1
travelintergalactic,1
states]satellite,1
terminalsatellite,1
radio/tvdvb-shs-dmbdvb-rcsdvb-s2dvb-s2xisdb-s3digital,1
audio,1
servicebroadcast,1
companiesastra,1
radiodirectvdish,1
networksirius,1
xm,1
holdingssky,1
ukviasat[nordics]1worldspacerelay,1
companiesechostareutelsatglobalstarhughesinmarsatintelsatintersputnikiridiumsed,1
systemssestelesattoowayturksatviasat[united,1
manufacturersairbusboeinginvaplockheed,1
modemsatellite,1
martinnorthrop,1
grummanspacexsslthales,1
alenia,1
spacetrade,1
organizationsconsultative,1
systemsetsi,1
radiolistslist,1
firstslist,1
communication,1
companiescategorycommonsvtespace,1
colonizationcore,1
conceptsinterplanetary,1
unitspacebusvery-small-aperture,1
phonesatellite,1
unvarnished,1
communicationsmain,1
story,1
motors(2019)power,1
play:,1
"century(2021)""the",1
"earth""",1
(the,1
"simpsons,",1
"2015)""one",1
"morty""",1
(rick,1
"morty,",1
2019)categoriesvtesatellite,1
articlessatellite,1
antennas)satellite,1
televisionsatellite,1
radiosatellite,1
accessamateur,1
satelliteground,1
stationhigh-throughput,1
satelliterelay,1
satellitetranspondercarriage,1
disputehardwaresat>ipmonoblock,1
lnbdiseqcusalsautomatic,1
dishmotor-driven,1
dishmulti-satellitesatellite,1
dish(parabolic,1
californiarocket,1
"factoryhawthorne,",1
facilitiesheadquarters,1
grill,1
quentin;,1
"dougherty,",1
conor,1
"2015).""google",1
fidelity,1
into,1
(published,1
"2015)"".the",1
times.issn0362-4331.archivedfrom,1
"december2020.^hagey,",1
keach,1
"2020).""google",1
capitol,1
"directors"".tesla.com.archivedfrom",1
"hill"".the",1
journal.issn0099-9660.archivedfrom,1
december2020.further,1
"readingberger,",1
eric.liftoff:,1
desperate,1
collins,1
"(2021).isbn978-0008445621davenport,",1
christian.the,1
barons;,1
musk.,1
colonize,1
"february2020.^hardy,",1
board,1
lz-2lz-4other,1
katie,1
sale,1
"securities"".",1
commission,1
(sec).,1
2002.archivedfrom,1
"domain.^""kimbal",1
"december2020.^abc""sec",1
2009.archivedfrom,1
"domain.^tzinis,",1
"2020).""ms.",1
"shotwell"".",1
"domain.^roof,",1
"2017).""paypal",1
gracias,1
co-founder,1
luke,1
nosek,1
"fund,",1
spacex-focused,1
"january2021.^schubarth,",1
cromwell,1
funded:,1
jurvetson,1
$200m,1
valley,1
"domain.^""antonio",1
cosmos.,1
publicaffairs,1
"(2018).isbn978-1610398299fernholz,",1
prototypesretiredgrasshopperf9r,1
"9v1.0v1.1""full",1
"thrust""",1
v1.2block,1
4cancelledfalcon,1
1e*falcon,1
5*falcon,1
air*bfr,1
its*spacecraftcargodragon,1
cargodragon,1
cargostarship*creweddragon,1
crewc206endeavourc207resiliencec210endurancestarship*test,1
vehiclescurrentstarship,1
dev1†dragonflystarhopperunflownf9r,1
tim.rocket,1
dev2*rocket,1
enginesmerlin1a1b*1c1dvacuumkestreldracosuperdracoraptorlists,1
missionsfalcon,1
heavystarlinkstarshiplaunch,1
facilitiesorbitalccsfsslc-40ksclc-39avsfbslc-4efloating,1
platforms*omelek,1
island†atmosphericmcgregornew,1
mexico†starbaseboca,1
chicalanding,1
sitesautonomous,1
shipslanding,1
zoneslz-1,1
historyretiredfalcon,1
developmentstarship*development,1
heavyin,1
5falcon,1
billionaires:,1
race.,1
houghton,1
mifflin,1
harcourt,1
"(2018).isbn978-1328662231vance,",1
ashlee.elon,1
how,1
shape,1
our,1
future.,1
penguin,1
random,1
house,1
uk,1
(2015).isbn978-0753555620external,1
linkswikimedia,1
media,1
tospacex.wikinews,1
to:spacexwikiquote,1
quotations,1
to:spacexofficial,1
websitevtespacexhistorylaunch,1
vehiclescurrentfalcon,1
9block,1
spaceflightinterstellar,1
travelplanetary,1
"august2020.^""sec",1
projectswikimedia,1
editcommunity,1
portalrecent,1
filetoolswhat,1
hererelated,1
filespecial,1
pagespermanent,1
linkpage,1
informationcite,1
pagewikidata,1
itemprint/exportdownload,1
pdfprintable,1
versionin,1
commonswikinewswikiquotelanguagesafrikaansالعربيةaragonésasturianuazərbaycancaتۆرکجهবাংলাbân-lâm-gúбеларускаяभोजपुरीбългарскиcatalàчӑвашлаčeštinachi-chewacymraegdanskdeutscheestiελληνικάespañolesperantoeuskaraفارسیfrançaisgaeilge한국어հայերենहिन्दीhrvatskibahasa,1
wikipediacontact,1
indonesiainterlingueíslenskaitalianoעבריתქართულიқазақшаkurdîкыргызчаlatviešulëtzebuergeschlietuviųlimburgsmagyarമലയാളംमराठीმარგალურიbahasa,1
melayuꯃꯤꯇꯩ,1
ꯂꯣꯟмонголnederlandsनेपाली日本語norsk,1
bokmålnorsk,1
nynorskoccitanoʻzbekcha/ўзбекчаpolskiportuguêsromânăruna,1
simiрусскийscotsshqipsimple,1
englishslovenčinaslovenščinaکوردیсрпски,1
srpskisrpskohrvatski,1
српскохрватскиsuomisvenskatagalogதமிழ்ไทยtürkçeукраїнськаئۇيغۇرچە,1
uyghurchetiếng,1
việt吴语yorùbá粵語žemaitėška中文edit,1
linksthis,1
usdonatecontributehelplearn,1
articleabout,1
11:23(utc).text,1
namearticles,1
linksarticles,1
2021articles,1
linkscs1,1
unknowncs1,1
periodicalarticles,1
descriptionshort,1
wikidatawikipedia,1
vandalismuse,1
2019all,1
englishuse,1
2020coordinates,1
wikidatapages,1
2012all,1
eventsrandom,1
statementscommons,1
wikidataarticles,1
clipsnavigation,1
menupersonal,1
toolsnot,1
log,1
intalkcontributionscreate,1
accountlog,1
innamespacesarticletalkvariantsexpandedcollapsedviewsreadview,1
sourceview,1
historymoreexpandedcollapsedsearchnavigationmain,1
pagecontentscurrent,1
edit,1
available,1
habitabilityspace,1
77.473,1
49,1
"template:cite_news"",""",1
9.27%,1
222.708,1
"template:infobox_company"",""",1
8.69%,1
208.817,1
"template:infobox"",""",1
3.38%,1
81.241,1
"template:elon_musk_series"",""",1
3.22%,1
"template:sidebar"",""",1
9.79%,1
3.13%,1
75.330,1
"template:short_description"",""",1
2.77%,1
66.570,1
"template:official_url""]},""scribunto"":{""limitreport-timeusage"":{""value"":""1.428"",""limit"":""10.000""},""limitreport-memusage"":{""value"":15191416,""limit"":52428800},""limitreport-profile"":[[""?"",""400"",""26.7""],[""scribunto_luasandboxcallback::match"",""140"",""9.3""],[""scribunto_luasandboxcallback::callparserfunction"",""140"",""9.3""],[""datawrapper",1
"\u003cmw.lua:668\u003e"",""80"",""5.3""],[""select_one",1
"\u003cmodule:citation/cs1/utilities:345\u003e"",""80"",""5.3""],[""scribunto_luasandboxcallback::getallexpandedarguments"",""60"",""4.0""],[""scribunto_luasandboxcallback::gsub"",""60"",""4.0""],[""date"",""40"",""2.7""],[""type"",""40"",""2.7""],[""coins_replace_math_stripmarker",1
"\u003cmodule:citation/cs1/coins:96\u003e"",""40"",""2.7""],[""[others]"",""420"",""28.0""]]},""cachereport"":{""origin"":""mw1452"",""timestamp"":""20211018210731"",""ttl"":1814400,""transientcontent"":false}}});});{""@context"":""https:\/\/schema.org"",""@type"":""article"",""name"":""spacex"",""url"":""https:\/\/en.wikipedia.org\/wiki\/spacex"",""sameas"":""http:\/\/www.wikidata.org\/entity\/q193701"",""mainentity"":""http:\/\/www.wikidata.org\/entity\/q193701"",""author"":{""@type"":""organization"",""name"":""contributors",1
wikimedia,1
"projects""},""publisher"":{""@type"":""organization"",""name"":""wikimedia",1
"inc."",""logo"":{""@type"":""imageobject"",""url"":""https:\/\/www.wikimedia.org\/static\/images\/wmf-hor-googpub.png""}},""datepublished"":""2004-07-16t17:12:15z"",""datemodified"":""2021-10-14t11:23:23z"",""image"":""https:\/\/upload.wikimedia.org\/wikipedia\/commons\/e\/ee\/iridium-4_mission_%2825557986177%29.jpg"",""headline"":""american",1
235.378,1
"template:cite_web"",""",1
thecreative,1
non-profit,1
attribution-sharealike,1
license;,1
term,1
apply.,1
"site,",1
theterms,1
useandprivacy,1
policy.,1
wikipedia®,1
register,1
trademark,1
thewikimedia,1
organization.privacy,1
164,1
policyabout,1
wikipediadisclaimerscontact,1
wikipediamobile,1
viewdevelopersstatisticscookie,1
"statement(rlq=window.rlq||[]).push(function(){mw.config.set({""wgpageparsereport"":{""limitreport"":{""cputime"":""2.534"",""walltime"":""2.904"",""ppvisitednodes"":{""value"":15797,""limit"":1000000},""postexpandincludesize"":{""value"":636893,""limit"":2097152},""templateargumentsize"":{""value"":16954,""limit"":2097152},""expansiondepth"":{""value"":21,""limit"":40},""expensivefunctioncount"":{""value"":21,""limit"":500},""unstrip-depth"":{""value"":1,""limit"":20},""unstrip-size"":{""value"":806270,""limit"":5000000},""entityaccesscount"":{""value"":1,""limit"":400},""timingprofile"":[""100.00%",1
2403.398,1
"-total"",""",1
58.29%,1
1400.884,1
"template:reflist"",""",1
33.20%,1
797.983,1
attributionall,1
linkssource,1
categories:webarchive,1
spanrocketship,1
galacticarcaassociation,1
astronautsastronaute,1
club,1
européencommercial,1
federationcopenhagen,1
suborbitalsspace,1
foundationspace,1
tourism,1
societydefunctarmadillo,1
aerospacegolden,1
spike,1
companyorion,1
toursspace,1
companyspacex#dearmoon,1
group(space,1
project)xcor,1
aerospacevehiclescurrentsoyuzdragon,1
2new,1
shepardspaceshiptwofuturenew,1
glennspaceship,1
iiistarlinerstarshipliving,1
spacecommercialization,1
spacespace,1
colonizationspace,1
habitatspace,1
medicinespace,1
projectvirgin,1
adventuresthe,1
2002hidden,1
spaceterraforming,1
survivalspace,1
habitatterraformingspace,1
habitatsbishop,1
ringmckendree,1
cylindero'neill,1
cylinderstanford,1
toruscolonization,1
targetsasteroidsmininglagrange,1
pointsinner,1
systemvenusmarsmoonouter,1
systemeuropatitantrans-neptunian,1
objectsfree,1
targetsmarsvenusorganizationsmars,1
corporationspace,1
societynasanational,1
societyspacexthe,1
planetary,1
societyvtespace,1
tourismorganizationsactiveaxiom,1
spacebigelow,1
aerospaceblue,1
originairbus,1
d&smojave,1
venturesorbital,1
technologiespdasredwiresierra,1
nevada,1
stationsuborbital,1
spaceplanespace,1
competitionsamerica's,1
"""https://en.wikipedia.org/w/index.php?title=spacex&oldid=1049877423""categories:spacex2002",1
portalstars,1
portalastronomy,1
portalrocketry,1
portallos,1
portalcompanies,1
portalauthority,1
controlgeneralintegrated,1
authority,1
(germany)isni1viaf1worldcatnational,1
librariesnorwayunited,1
statesczech,1
republicisraelretrieved,1
californiaaerospace,1
prizeansari,1
statesamerican,1
2002commercial,1
providerscompanies,1
californiaelon,1
"muskhawthorne,",1
californiahyperloopmanufacturing,1
angelesmanufacturing,1
2002private,1
companiesscience,1
angelesspacecraft,1
manufacturerstechnology,1
angelestechnology,1
moonspaceflight,1
segmenttourism,1
ns-16plannedaxiom-1dearmoonrelatedaxiom,1
origin,1
prizegoogle,1
prizespace,1
elevator,1
competitionsspace,1
touristspastdennis,1
titomark,1
shuttleworthgregory,1
olsenanousheh,1
ansaricharles,1
simonyirichard,1
garriottguy,1
lalibertéoliver,1
daemenjared,1
isaacmansian,1
proctorhayley,1
arceneauxchristopher,1
sembroskiklim,1
shipenkoyulia,1
peresildplannedyusaku,1
maezawayozo,1
hiranolarry,1
connormark,1
pathyeytan,1
stibbespace,1
tourismmissionspastinspiration4blue,1
"domain.^ab""elon",1
«technica.archivedfrom,1
nothing,1
march2021.^abmichael,1
galit(15,1
"2021).""discrete",1
sars-cov-2,1
antibody,1
titers,1
functional,1
humoral,1
"stability"".nature",1
communications.12(1):,1
"1018.bibcode:2021natco..12.1018b.doi:10.1038/s41467-021-21336-8.pmc7884400.pmid33589636.^""sec",1
"d/a"".www.sec.gov.",1
commission.archivedfrom,1
spacex:,1
"nilles,",1
visit,1
slide,1
"3"".",1
"march2017.^abcberger,",1
"time"".ars",1
march2021.^gwynne,1
2014).discussion,1
council.,1
event,1
occur,1
37:50–38:58.,1
march2017.we,1
"j.;alter,",1
douglas,1
integrated...,1
guruprasad;,1
"rhee,",1
justin;,1
"petersen,",1
eric;,1
"mormann,",1
benjamin;,1
st,1
"aubin,",1
michael;,1
"hasdianda,",1
mohammad,1
"jambaulikar,",1
"boyer,",1
"s.;lauffenburger,",1
edward,1
"w.;sabeti,",1
pardis,1
"c.;barouch,",1
dan,1
h.;,1
"julg,",1
boris,1
"d.;musk,",1
r.;,1
"menon,",1
anil,1
vertically,1
metal,1
"2007).""u.s.",1
nasa.gov.,1
paur,1
rocket-testing,1
"facility"".wired.archivedfrom",1
activate,1
ahead,1
busy,1
"2020"".",1
"june2021.^""nasa",1
administrator,1
bolden,1
view,1
"capsule"".",1
june2021.^irene,1
"liftoff"".",1
klotz,1
appetite,1
sit,1
"grows"".",1
(2020).falcon,1
guide(pdf).,1
14.archived(pdf)from,1
"march2021.^spudis,",1
"d.""the",1
tale,1
"1"".air",1
"may2021.^wolf,",1
march2017.^jason,1
ready,1
sheet,1
multiple,1
wire,1
format,1
roll,1
out...,1
eliminate,1
exponential,1
g&a,1
fee,1
additions,1
[that,1
experience,1
have],1
layer,1
"materials).^""reusable",1
integration...,1
[about],1
63,1
revenue,1
subcontractors,1
[but,1
at],1
lower-level,1
integration,1
"(wires,",1
"connectors,",1
raw,1
yiyuan;,1
"hu,",1
samuel;,1
nationalgeographic.com.,1
night,1
"sky"".the",1
economist.,1
"june2019.^""spacex's",1
"forever,",1
and,1
not,1
"happy"".forbes.archivedfrom",1
"june2019.^""will",1
harm,1
astronomy?,1
"know"".",1
march2021.^spacex,1
unexpected,1
"2020).""astronomy",1
discussion,1
academy,1
"sciences"".archivedfrom",1
"april2021.^o'callaghan,",1
cascade,1
"junk"".scientific",1
american.archivedfrom,1
august2020.^does,1
pose,1
debris,1
threat?,1
ruin,1
"june2019.^""the",1
"beger,",1
2019this,1
"beta'"".forbes.archivedfrom",1
october2020.^caleb,1
henry,1
"2017).""fcc",1
applications,1
non-geostationary,1
"constellations"".",1
application,1
blanket-licensed,1
stationsarchivedmay,1
"29,",1
"machineses-lic-intr2019-00217,",1
"domain.^""spacex's",1
"stars"".the",1
$900,1
fcc,1
"areas"".",1
"december2020.^immanni,",1
manikanta,1
collaborate,1
"customers"".techdator.archivedfrom",1
"may2021.^hall,",1
shannon,1
(june,1
fear,1
outnumber,1
an,1
expert,1
answers.archived17,1
makda;,1
yannic,1
c.;,1
"fischinger,",1
stephanie;,1
"siddiqui,",1
sameed,1
m.;,1
"chen,",1
zhilin;,1
"yu,",1
jingyou;,1
"gebre,",1
"atyeo,",1
machinejan,1
caroline;,1
"gorman,",1
"zhu,",1
alex,1
lee;,1
jaewon;,1
"burke,",1
john,1
s.;,1
"slein,",1
matthew;,1
"gluck,",1
"viafoxbusiness.com.^bartsch,",1
february2021–,1
"learned"".wall",1
study.,1
"hattenbach,sky",1
"telescope,",1
"2019^""starlink",1
"v1.0"".",1
space.skyrocket.de.archivedfrom,1
july2021.^alan,1
boyle,1
race,1
nbc.archivedfrom,1
"competition""(pdf).",1
"march2017.^bonasio,",1
alice,1
"2018).""is",1
"seriously?"".ars",1
"april2021.^etherington,",1
"2019).""team",1
tum,1
288,1
mph,1
"speed"".techcrunch.archivedfrom",1
"april2021.^krouse,",1
sarah,1
"4,000",1
workers,1
join,1
jim,1
let,1
«ars,1
2005.,1
resilience,1
"station,",1
expedition,1
64,1
"crew"".",1
"november2020.^sheetz,",1
(23,1
"year"".cnbc.archivedfrom",1
"june2021.^sheetz,",1
"2021).""two",1
"arrives"".cnbc.archivedfrom",1
"i""(press",1
"march2017.^ab""nasa",1
arrive,1
"spacex""(press",1
2008.archivedfrom,1
domain.^spacex's,1
novemberarchivedjuly,1
"techcrunch,",1
"etherington,",1
"2017^""u.s.",1
"launches"".reuters.",1
february2019.^mike,1
gruss,1
$82,1
"satellite"".",1
"november2020.^""dragon",1
mission:,1
percent:,1
"test"".",1
morring,1
"2011).""five",1
vie,1
"spaceflight"".",1
step,1
americans,1
"soil"".",1
"domain.^ab""nasa",1
2014.archivedfrom,1
"domain.^post,",1
hannah,1
"2015).""crew",1
"january2020.^""nasa",1
"wattles.""spacex-nasa",1
"station"".teslarati.com.archivedfrom",1
march2018.^ksmith,1
"2019).""crew",1
"iss"".",1
"january2020.^northon,",1
karen,1
"2020).""nasa,",1
"spacecraft"".",1
january2020.this,1
"domain.^""demo-2",1
groundwork,1
november2020.^jackie,1
40,1
"force"".",1
"canaveral"".reuters.archivedfrom",1
"half"".",1
sydney,1
morning,1
herald,1
day.archivedfrom,1
march2017.^andrea,1
shalal,1
"2015).""lockheed-boeing",1
"survive"".",1
yahoo.archivedfrom,1
march2017.^greg,1
avery,1
"2014).""ula",1
denver,1
launcher,1
march2017.^melody,1
"2014).""congress",1
oks,1
bill,1
ban,1
russian-made,1
"engines"".the",1
"march2017.^berger,",1
"2020).""forget",1
secret,1
sauce,1
"success"".",1
fight,1
"2015).""nbn",1
reuters.,1
that's,1
"march2017.^""spacex's",1
"says"".",1
february2019.[permanent,1
"link]^""ula,",1
$650,1
"contracts"".florida",1
today.archivedfrom,1
prepare,1
nro,1
"february2019.^erwin,",1
$739,1
$653,1
"start"".archivedfrom",1
ramli,1
"august2020.^""inspiration4:",1
"dragon"".space.com.",1
september2021.^jonathan,1
amos,1
ses,1
tv,1
"asia"".bbc",1
"2013).""the",1
"rocketeer"".",1
foreign,1
policy.archivedfrom,1
march2017.^david,1
jr.,1
"march2017.^frank,",1
2011.archivedfrom,1
march2017.^leonard,1
incentives,1
300,1
job,1
brownsville,1
"area"".",1
governor,1
rick,1
perry.,1
march2017.^eric,1
"2014).""texas,",1
"brownsville"".",1
mysanantonio.com.archivedfrom,1
david,1
"april2021.^""gov.",1
faa,1
approval,1
propose,1
"texas"".cbs",1
march2017.^jeff,1
foust,1
"spaceport"".",1
lab,1
seattle,1
geekwire.,1
october2018.^gene,1
expand,1
perry,1
"july"".cnet.archivedfrom",1
"hurdle"".",1
nail,1
"april2021.^howell,",1
elizabeth,1
"2020).""see",1
evolution,1
"pictures"".space.com.archivedfrom",1
april2021.^chris,1
"2011).""spacex:",1
tag,1
team,1
"year"".",1
saocom,1
1a,1
"landing"".",1
"eric.""elon",1
"february2019.^granath,",1
bob,1
"2015).""nasa,",1
property,1
agreement,1
"pad"".",1
march2018.this,1
"domain.^""nasa,",1
partner,1
"program"".blogs.nasa.gov.archivedfrom",1
february2019.this,1
"domain.^mack,",1
sqft,1
"ca"".",1
"county"".orange",1
safety,1
"extension"".",1
insider.archivedfrom,1
celebrate,1
"return"".",1
march2017.^chris,1
"2015).""nasa",1
"cygnus"".",1
$700,1
"million"".",1
"march2017.^""smsr",1
integrate,1
"schedule""(pdf).office",1
assurance.nasa.,1
county,1
2021.archived(pdf)from,1
"may2021.^""microgravity",1
"flights"".glenn",1
center.nasa.,1
retrieved27,1
"february2021.^sheetz,",1
powerful,1
moon's,1
"astronauts"".",1
"april2020.^""private",1
taxi's,1
pass,1
'push',1
"2014).""nasa",1
rhian,1
march2017.^abjason,1
register.,1
july2020.^dennis,1
"stone,",1
"""nasa's",1
"transportation"",acta",1
"astronautica63,",1
1-4,1
(2008):192–97^atlanticcouncil,1
"2014),discussion",1
"spacex,archivedfrom",1
"march2018^abzapata,",1
edgar,1
"2017).""an",1
cots/crs,1
implications,1
"missions""(pdf).archived(pdf)from",1
2019.cite,1
journal,1
"requires|journal=(help)^""mission",1
"center"".",1
"2012).""big",1
day,1
entrepreneur,1
promise,1
"more"".the",1
response,1
scenario.[200]on,1
"shares"".archivedfrom",1
withgoogle,1
providerin,1
us$350,1
us$21,1
billion.[61]in,1
45%,1
contracts.[62]by,1
100,1
represent,1
revenue.[63]the,1
andgovernment(nasa/dod),1
customers.[64]this,1
measure,1
launches.[65]in,1
"asubsidiary,the",1
"company,[66]and",1
construct,1
tunnel,1
utilize,1
"employees,[67]which",1
"2018,[68]and",1
open,1
2018.[69]during,1
wasspun,1
outinto,1
separatecorporate,1
rocket.[60]2017–2018:,1
class,1
"again,",1
solidify,1
standard,1
pre-launchstatic,1
test.[55]the,1
"payload,",1
theamos-6communications,1
value,1
us$200,1
destroyed.[56]the,1
theliquid,1
oxygenthat,1
cold,1
withcarbon,1
space.[59]the,1
compositehelium,1
vessels.[57]though,1
unsuccessful,1
four-month,1
hiatus,1
wrong.,1
2017.[58]on,1
theses-10satellite.,1
re-launch,1
payload-carrying,1
back,1
entitywith,1
remainder,1
musk.[69]2019–present:,1
additionalus$1.61billion,1
fromkennedy,1
39a(lc-39a),1
thekennedy,1
centerinflorida.[77]on,1
us$1.9,1
"round,",1
fundraise,1
push,1
increase,1
us$46,1
billion.[78][79][80]in,1
99,1
mark,1
investors[81]at,1
"$420,[80]raising",1
approximatelyus$74billion.,1
thanus$6billion,1
date.,1
capital-intensive,1
phase,1
principally,1
field,1
vehicle.[81]by,1
enter,1
years.[75][76]the,1
stationand,1
launcheson,1
across,1
help,1
thestarshipandstarlinkprojects.[70]construction,1
florida,1
move,1
newspacex,1
sitelater,1
year.,1
"satellites,",1
year.[71]spacex,1
us$1.33,1
capital,1
round,1
"demo-2,",1
2019.[72]by,1
us$33.3,1
billion[73]and,1
us$36,1
2020.[74]on,1
(doug,1
hurleyandbob,1
behnken),1
acrew,1
dragonspacecraft,1
duringcrew,1
stage.[54]in,1
choose,1
discount,1
growthlaunch,1
"low-altitude,",1
low-speed,1
aspects,1
technology.[42]thefalcon,1
prototypesperformed,1
takeoffs,1
(vtol).,1
"high-velocity,",1
high-altitude,1
theboosteratmospheric,1
2013.[42]2013–2015:,1
orbcomm,1
million.[41]spacex's,1
"og2-m1,",1
2014employees,1
capsuleat,1
2015spacex,1
worldwide.[43]that,1
request,1
governments,1
additionalsubsidiesto,1
face,1
spacex.[44][45]beginning,1
affect,1
active,1
invest,1
providerunited,1
share,1
system.,1
numerous,1
technical,1
certification,1
"milestones,",1
certification.[34]in,1
two-thirds,1
stock,1
own,1
musk[35]and,1
70,1
us$875,1
$200,1
onprivate,1
"markets,[36]valuing",1
us$1.3,1
billion.[37]in,1
c2+launch,1
station.[38]after,1
double,1
us$2.4,1
us$20/share.[39][40]by,1
operation.,1
"this,",1
"payloads,",1
alliance(ula).[46]the,1
offer,1
"sea,spacex",1
low-pressure,1
"tank,",1
failure.[51]2015–2017:,1
milestoneslong-exposure,1
(left),1
(right),1
"20,",1
rocket.falcon,1
anautonomous,1
ship(asds),1
barge,1
crs-8mission.spacex,1
high-pressure,1
withfalcon,1
20.[52]in,1
autonomous,1
(asds)of,1
course,1
i,1
still,1
love,1
youin,1
ocean.[53]by,1
"landings,",1
helium,1
breach,1
rise,1
permission,1
us$400,1
years.[47]in,1
"fromgoogleandfidelity,",1
exchange,1
8.33%,1
billion.[48]the,1
month,1
"constellation,",1
"calledstarlink,",1
"june,",1
ask,1
"project,",1
ofacceleration.,1
aim,1
satellites.[49]the,1
failure,1
seventh,1
"mission,crs-7exploded",1
flight.[50]the,1
problem,1
trace,1
2-foot-long,1
aheliumpressure,1
"vessel,",1
agreements,1
platformandmicrosoft,1
detail,1
azureto,1
theatlas,1
"vrockets,",1
well,1
providers,1
world.,1
ninemerlinengines,1
v1.0rocket,1
2010.,1
third,1
"flight,cots",1
firstcommercialspacecraft,1
(iss).[38]the,1
upgrade,1
v1.1in,1
"2013,falcon",1
full,1
thrustin,1
5in,1
retropropulsively,1
"recovered,",1
reflown.[97]thefalcon,1
heavyis,1
aheavy-lift,1
"63,800",1
"(140,700",1
ivand,1
thedelta,1
"(50,265",1
heavyare,1
ofproject,1
fordhardwarelaunch,1
vehiclesmain,1
vehiclesthe,1
5first,1
–vtvltechnologies,1
vehicles.spacex,1
small-liftfalcon,1
medium-liftfalcon,1
9and,1
heavy-liftfalcon,1
operational.,1
"22,800",1
intolow,1
orbit.,1
"2009,",1
successfully.[96]it,1
function,1
test-bed,1
components,1
9.[96]the,1
"funded,",1
9is,1
anmedium-lift,1
tolow,1
orbit(leo),1
"26,700",1
cycle.,1
"engines–merlin,kestrel,",1
andraptorfor,1
inlaunch,1
"vehicles,[105][106]dracofor",1
"spacecraft,[107]andsuperdracofor",1
increw,1
dragon.[108]merlin,1
usesliquid,1
oxygen(lox),1
andrp-1propellants,1
agas-generator,1
1's,1
texas.since,1
apintleinjector,1
deep-throttle,1
landings.,1
propellants,1
feed,1
via,1
"shaft,",1
dual,1
impellerturbopump.[109][110]kestrel,1
lox/rp-1pressure-fedrocket,1
main,1
severalrocket,1
undergo,1
"(58,900",1
"times,",1
togeosynchronous,1
orbit(gto).,1
slightly,1
27merlin,1
1dengines.[98][99]the,1
personaltesla,1
roadsterintoheliocentric,1
orbit[100]both,1
thenational,1
launch(nssl).[101][102]as,1
129,1
127,1
1dengine,1
"successes,",1
partial,1
"success,one",1
in-flight,1
failure.,1
experienceda,1
pre-flight,1
failureprior,1
2016.[103][104]rocket,1
enginesmain,1
enginesthemerlin,1
object,1
passive,1
.reflist-lower-roman{list-style-type:lower-roman}^excluding,1
c2+22,1
2008first,1
414,1
2009first,1
orbit.razaksatonfalcon,1
59,1
2010first,1
spacecraft.spacex,1
dragononspacex,1
125,1
2012first,1
station(iss).[86]dragon,1
2015first,1
company.list,1
land.falcon,1
9b1019onorbcomm,1
og2,1
m28,1
2016first,1
platform.falcon,1
9b1021onspacex,1
crs-830,1
"reuse,",1
(second),1
stage.[59]falcon,1
spacexdateachievementflight28,1
firsts,1
control,1
separate,1
on-ground,1
compute,1
network,1
forstarlink.[82]summary,1
achievementsmajor,1
reduction,1
notable,1
continue,1
relaunches,1
multi-yearprogram,1
technology.,1
"boosters,b1049andb1051,",1
"result,",1
respectively.[83]elon,1
say,1
fleet,1
"leader,b1051,",1
past,1
flights.[84]spacex,1
self-funded,1
"efforts,",1
traditionalcost-plus,1
contractingof,1
government.,1
9b1021onses-1030,1
flyback,1
.reflist-lower-greek{list-style-type:lower-greek}.mw-parser-output,1
all-private,1
"mission,",1
143,1
satellites.[a][92]transporter-1,1
onfalcon,1
917,1
mission.,1
(national,1
previously,1
boosters.)[93]gps,1
iii-05onfalcon,1
b106216,1
crew.[94][95]inspiration4.mw-parser-output,1
station(iss).[91]24,1
.reflist{font-size:90%;margin-bottom:0.5em;list-style-type:decimal}.mw-parser-output,1
.reflist,1
.references{font-size:100%;margin-bottom:0;list-style-type:inherit}.mw-parser-output,1
.reflist-columns-2{column-width:30em}.mw-parser-output,1
.reflist-columns-3{column-width:25em}.mw-parser-output,1
.reflist-columns{margin-top:0.3em}.mw-parser-output,1
ol{margin-top:0}.mw-parser-output,1
li{page-break-inside:avoid;break-inside:avoid-column}.mw-parser-output,1
.reflist-upper-alpha{list-style-type:upper-alpha}.mw-parser-output,1
.reflist-upper-roman{list-style-type:upper-roman}.mw-parser-output,1
.reflist-lower-alpha{list-style-type:lower-alpha}.mw-parser-output,1
2021most,1
demo-231,1
fairing.[87]ses-103,1
crew-capable,1
re-flight,1
spacecraft.[88]dragon,1
c106onspacex,1
crs-116,1
2018first,1
intoheliocentric,1
orbit.elon,1
roadsteronfalcon,1
flight2,1
orbit.crew,1
demo-13,1
station(iss).25,1
orbit.[90]crew,1
afull-flow,1
cycle,1
engine(raptor).[89]starhopper11,1
fairing.,1
thearabsat-6amission,1
2019.starlink,1
v1.0january,1
2020largest,1
operator,1
world.[71]starlink,1
v1.030,1
entire,1
produce,1
pintle,1
systemforinterplanetary,1
3.3em}@media(max-width:720px){body.mediawiki,1
.sidebar{width:100%!important;clear:both;float:none!important;margin-left:0!important;margin-right:0!important}}this,1
ofa,1
aboutelon,1
muskawards,1
"honorsviewscompanieszip2x.compaypalspacextesla,",1
inc.tesla,1
energyopenaineuralinkthe,1
companyin,1
popular,1
muskludicrouspower,1
"play""members",1
"only""""the",1
"earth""""one",1
"morty""relatedboring",1
tunnelcriticism,1
teslamaye,1
muskhyperlooptesla,1
spacetslaq.mw-parser-output,1
.navbar{display:inline;font-size:88%;font-weight:normal}.mw-parser-output,1
.navbar-collapse{float:left;text-align:left}.mw-parser-output,1
.navbar-boxtext{word-spacing:0}.mw-parser-output,1
ul{display:inline-block;white-space:nowrap;line-height:inherit}.mw-parser-output,1
".navbar-brackets::before{margin-right:-0.125em;content:""[",1
"""}.mw-parser-output",1
0.4em;text-align:center;margin:0,1
.sidebar-list-title-c{padding:0,1
0.4em;text-align:left;font-weight:bold;line-height:1.6em;font-size:105%}.mw-parser-output,1
.sidebar-title-with-pretitle{padding:0.1em,1
.sidebar-none{float:none;clear:both;margin:0.5em,1
.sidebar-outer-title{padding:0,1
0.2em;font-size:125%;line-height:1.2em;font-weight:bold}.mw-parser-output,1
.sidebar-top-image{padding:0.4em}.mw-parser-output,1
".sidebar-top-caption,.mw-parser-output",1
".sidebar-pretitle-with-top-image,.mw-parser-output",1
.sidebar-caption{padding:0.2em,1
.sidebar-pretitle{padding:0.4em,1
".sidebar-title,.mw-parser-output",1
.sidebar-title-with-pretitle{padding:0.2em,1
0.8em;font-size:145%;line-height:1.2em}.mw-parser-output,1
.sidebar-image{padding:0.2em,1
.sidebar-list-title{padding:0,1
.sidebar-heading{padding:0.1em,1
.sidebar-content{padding:0,1
0.5em,1
.sidebar-content-with-subgroup{padding:0.1em,1
0.2em}.mw-parser-output,1
.sidebar-below{padding:0.3em,1
0.8em;font-weight:bold}.mw-parser-output,1
.sidebar-below{border-top:1px,1
#aaa;border-bottom:1px,1
#aaa}.mw-parser-output,1
.sidebar-navbar{text-align:right;font-size:115%;padding:0,1
".navbar-brackets::after{margin-left:-0.125em;content:""",1
"]""}.mw-parser-output",1
li{word-spacing:-0.125em}.mw-parser-output,1
landingfor,1
fundedliquid-propellant,1
rocketto,1
1in,1
"2008),",1
(dragonin,1
"2010),",1
(dragon,1
"2012),",1
firstvertical,1
take-off,1
propulsive,1
"2015),",1
andstarlinkcommunications,1
"2017),",1
station(spacex,1
demo-2in,1
2020).,1
reflown,1
rocketsover,1
times.spacex,1
megaconstellation,1
launched.,1
"developingstarship,",1
"funded,fully",1
satellites.spacex's,1
"engines,dragoncargo,",1
.navbar-mini,1
corp.(spacex),1
abbr{font-variant:small-caps;border-bottom:none;text-decoration:none;cursor:inherit}.mw-parser-output,1
.navbar-ct-full{font-size:114%;margin:0,1
7em}.mw-parser-output,1
.navbar-ct-mini{font-size:114%;margin:0,1
4em}.mw-parser-output,1
.infobox,1
.navbar{font-size:100%}.mw-parser-output,1
.navbox,1
.navbar{display:block;font-size:100%}.mw-parser-output,1
.navbox-title,1
.navbar{float:left;text-align:left;margin-right:0.5em}vtespace,1
americanaerospace,1
"vehicles,several",1
"manufacturer,space",1
transportationservices,1
andcommunicationscorporation,1
found,1
2002,1
byelon,1
muskwith,1
enable,1
thecolonization,1
mars.,1
heavylaunch,1
.sidebar-left{float:left;clear:left;margin:0.5em,1
.sidebar-subgroup{width:100%;margin:0;border-spacing:0}.mw-parser-output,1
1em!important}.mw-parser-output,1
"wikipedia,",1
"california"",""hyperloop"",""manufacturing",1
"angeles"",""manufacturing",1
"2002"",""private",1
"companies"",""science",1
"angeles"",""spacecraft",1
"manufacturers"",""technology",1
"angeles"",""technology",1
"2002""],""wgpagecontentlanguage"":""en"",""wgpagecontentmodel"":""wikitext"",""wgrelevantpagename"":""spacex"",""wgrelevantarticleid"":832774,""wgisprobablyeditable"":!1,""wgrelevantpageisprobablyeditable"":!1,""wgrestrictionedit"":[""autoconfirmed""],""wgrestrictionmove"":[],""wgflaggedrevsparams"":{""tags"":{""status"":{""levels"":-1}}},""wgmediavieweronclick"":!0,""wgmediaviewerenabledbydefault"":!0,""wgpopupsflags"":10,""wgvisualeditor"":{""pagelanguagecode"":""en"",""pagelanguagedir"":""ltr"",""pagevariantfallbacks"":""en""},""wgmfdisplaywikibasedescriptions"":{""search"":!0,""nearby"":!0,""watchlist"":!0,""tagline"":!1},""wgwmeschemaeditattemptstepoversample"":!1,""wgulscurrentautonym"":""english"",",1
"""wgnoticeproject"":""wikipedia"",""wgcoordinates"":{""lat"":33.9207,""lon"":-118.3278},""wgeditsubmitbuttonlabelpublish"":!0,""wgulsposition"":""interlanguage"",""wgulsiscompactlinksenabled"":!0,""wggenewcomertasksguidanceenabled"":!0,""wggeaskquestionenabled"":!1,""wggelinkrecommendationsfrontendenabled"":!1,""wgcentralauthmobiledomain"":!1,""wgwikibaseitemid"":""q193701""};rlstate={""ext.globalcssjs.user.styles"":""ready"",""site.styles"":""ready"",""user.styles"":""ready"",""ext.globalcssjs.user"":""ready"",""user"":""ready"",""user.options"":""loading"",""ext.cite.styles"":""ready"",""ext.tmh.thumbnail.styles"":""ready"",""skins.vector.styles.legacy"":""ready"",""jquery.tablesorter.styles"":""ready"",""jquery.makecollapsible.styles"":""ready"",""ext.visualeditor.desktoparticletarget.noscript"":""ready"",""ext.uls.interlanguage"":""ready"",""ext.wikimediabadges"":""ready"",""wikibase.client.init"":""ready""};rlpagemodules=[""ext.cite.ux-enhancements"",""mw.mediawikiplayer.loader"",""mw.popupmediatransform"",""mw.tmhgalleryhook.js"",""site"",""mediawiki.page.ready"",",1
"""jquery.tablesorter"",""jquery.makecollapsible"",""mediawiki.toc"",""skins.vector.legacy.js"",""ext.gadget.referencetooltips"",""ext.gadget.charinsert"",""ext.gadget.extra-toolbar-buttons"",""ext.gadget.reftoolbar"",""ext.gadget.switcher"",""mmv.head"",""mmv.bootstrap.autostart"",""ext.popups"",""ext.visualeditor.desktoparticletarget.init"",""ext.visualeditor.targetloader"",""ext.eventlogging"",""ext.wikimediaevents"",""ext.navigationtiming"",""ext.uls.compactlinks"",""ext.uls.interface"",""ext.cx.eventlogging.campaigns"",""ext.centralnotice.geoip"",""ext.centralnotice.startup"",""ext.centralauth.centralautologin"",""ext.growthexperiments.suggestededitsession""];(rlq=window.rlq||[]).push(function(){mw.loader.implement(""user.options@1hzgi"",function($,jquery,require,module){/*@nomin*/mw.user.tokens.set({""patroltoken"":""+\\"",""watchtoken"":""+\\"",""csrftoken"":""+\\""});",1
});});spacexfrom,1
encyclopediajump,1
"musk"",",1
navigationjump,1
searchamerican,1
company.mw-parser-output,1
.hatnote{font-style:italic}.mw-parser-output,1
div.hatnote{padding-left:1.6em;margin-bottom:0.5em}.mw-parser-output,1
.hatnote,1
i{font-style:normal}.mw-parser-output,1
.hatnote+link+.hatnote{margin-top:-0.5em}this,1
manufacturer.,1
british,1
art,1
"""hawthorne,",1
"california"",""elon",1
seespacex,1
"vandalism"",""use",1
"wikipediadocument.documentelement.classname=""client-js"";rlconf={""wgbreakframes"":!1,""wgseparatortransformtable"":["""",""""],""wgdigittransformtable"":["""",""""],""wgdefaultdateformat"":""dmy"",""wgmonthnames"":["""",""january"",""february"",""march"",""april"",""may"",""june"",""july"",""august"",""september"",""october"",""november"",""december""],""wgrequestid"":""0998285a-8938-4fb2-9b13-949b9b61720d"",""wgcspnonce"":!1,""wgcanonicalnamespace"":"""",""wgcanonicalspecialpagename"":!1,""wgnamespacenumber"":0,""wgpagename"":""spacex"",""wgtitle"":""spacex"",""wgcurrevisionid"":1049877423,""wgrevisionid"":1049877423,""wgarticleid"":832774,""wgisarticle"":!0,""wgisredirect"":!1,""wgaction"":""view"",""wgusername"":null,""wgusergroups"":[""*""],""wgcategories"":[""webarchive",1
"links"",""source",1
"attribution"",""all",1
"links"",""articles",1
"2021"",""articles",1
"links"",""cs1",1
"unknown"",""cs1",1
"periodical"",""articles",1
"description"",",1
"""short",1
"wikidata"",""wikipedia",1
"2019"",""all",1
"providers"",""companies",1
"english"",""use",1
"2020"",""coordinates",1
"wikidata"",""pages",1
"name"",""articles",1
"2012"",""all",1
"statements"",""commons",1
"wikidata"",""articles",1
"clips"",""spacex"",""2002",1
"california"",""aerospace",1
"states"",""american",1
"2002"",""commercial",1
"gallery,",1
(art,1
.sidebar{display:table!important;float:right!important;margin:0.5em,1
internetrevenueus$2,1
-118.3278coordinates:33°55′15″n118°19′40″w﻿,1
-118.3278key,1
"musk(ceoandcto,",1
2002–present)[2]gwynne,1
shotwell(presidentandcoo)[3]productsseveral,1
vehiclesseveral,1
enginesdragon,1
capsulesstarship(in,1
development)starlinkasds,1
platformsservicesorbitalrocket,1
"launch,satellite",1
(2018)[4]ownerelon,1
".longitude,.mw-parser-output",1
trust(54%,1
equity;,1
78%,1
vote,1
control)[5]number,1
employeesover,1
"9,500[6](february",1
2021)websitewww.spacex.com.mw-parser-output,1
.sidebar{width:22em;float:right;clear:right;margin:0.5em,1
1em;background:#f8f9fa;border:1px,1
#aaa;padding:0.2em;text-align:center;line-height:1.4em;font-size:88%;border-collapse:collapse;display:table}body.skin-minerva,1
.latitude{white-space:nowrap}33°55′15″n118°19′40″w﻿,1
.geo-multi-punct{display:none}.mw-parser-output,1
"gallery).""space",1
2017;,1
"technologies""",1
redirect,1
here.,1
general,1
"topics,",1
seespace,1
explorationandspace,1
technology..mw-parser-output,1
.infobox-subbox{padding:0;border:none;margin:-3px;width:auto;min-width:100%;font-size:100%;clear:none;float:none;background-color:transparent}.mw-parser-output,1
.infobox-3cols-child{margin:auto}space,1
corp.headquarters,1
plume,1
".geo-nondefault,.mw-parser-output",1
visible,1
overheadtrade,1
"namespacextypeprivateindustryaerospace,communicationsfounded6",1
2002;,1
ago(2002-05-06)[1]founderelon,1
"muskheadquartershawthorne,",1
"california,united",1
states.mw-parser-output,1
".geo-default,.mw-parser-output",1
".geo-dms,.mw-parser-output",1
.geo-dec{display:inline}.mw-parser-output,1
"reusable,super",1
spaceflight.,1
objective,1
"operational,",1
"launches;tesla,solarcity,",1
bankrupt,1
well;[24]musk,1
"""waking",1
"nightmares,",1
scream,1
physical,1
"pain""",1
"stress.[25]however,",1
things,1
turn,1
shortly,1
withthe,1
fourth,1
attempton,1
split,1
remain,1
$30,1
firstcommercial,1
(crs)contract,1
"december,",1
financially,1
save,1
company.[26]based,1
operations,1
cover,1
failures,1
failures.,1
us$90,1
factor,1
ten.[15]2005–2009:,1
launchesmain,1
article:falcon,1
1the,1
successfulfalcon,1
1launch,1
2008spacex,1
funding.[16][17]the,1
expendable,1
two-stage-to-orbitsmall-lift,1
million[18]to,1
bydarpa.[17][22][23]the,1
million.[19]in,1
pursue,1
"decade,",1
later,1
spacecraft.[20]in,1
"2006,",1
select,1
thecots,1
program.[21]the,1
defenseunder,1
evaluate,1
"enabled,",1
itssecond,1
"successful,",1
complete,1
us$278,1
dragon.[30]as,1
qualification,1
"unit,",1
mockup,1
spacecraft.the,1
aboardcots,1
9's,1
safely,1
toearthafter,1
"orbits,",1
objectives.[31]by,1
2006.[30]the,1
months.[32]in,1
second-roundcommercial,1
development(ccdev),1
us$75,1
integratedlaunch,1
systemfor,1
preparation,1
human-rating,1
iss.[33]in,1
fixed-pricespace,1
agreement(saa),1
overall,1
money,1
fifth,1
mediavideo,1
"total,",1
launchin,1
2009;,1
9.[27]gwynne,1
shotwellwas,1
promote,1
president,1
role,1
negotiate,1
nasa.[28]2010–2012:,1
contractsplay,1
9dragon,1
seed,1
missioncots-1spacex,1
light,1
intermediate,1
5.[29]spacex,1
proceed,1
heavier,1
accelerate,1
"bynasa,",1
commit,1
specific,1
demonstrated.,1
ultimately,1
"tospace,",1
access,1
foundingin,1
defense4.3space,1
tourism5launch,1
pressure6board,1
directors7see,1
also8references9further,1
reading10external,1
linkshistorymain,1
article:history,1
spacexsee,1
also:list,1
launches2001–2004:,1
"2001,elon",1
cargo4.1.3commercial,1
muskconceptualizedmars,1
"oasis,",1
miniature,1
experimentalgreenhouseand,1
growplantson,1
mars.[7][8][9]he,1
"""the",1
farthest,1
life's,1
"traveled""",1
regain,1
crew4.2national,1
facility4contracts4.1nasa4.1.1cots4.1.2commercial,1
increasenasa's,1
launches1.8summary,1
supplant,1
fleet.,1
"debut,",1
schedule,1
2020s.contents1history1.12001–2004:,1
founding1.22005–2009:,1
launches1.32010–2012:,1
contracts1.42013–2015:,1
growth1.52015–2017:,1
milestones1.62017–2018:,1
provider1.72019–present:,1
achievements2hardware2.1launch,1
texas3.4satellite,1
vehicles2.2rocket,1
engines2.3dragon,1
spacecraft2.4autonomous,1
ships2.5starship2.6starlink2.6.1controversies2.7other,1
"projects3facilities3.1headquarters,",1
facilities3.2development,1
facilities3.3launch,1
facilities3.3.1cape,1
station3.3.2vandenberg,1
base3.3.3kennedy,1
center3.3.4boca,1
interest,1
budget.[7][8][9]musk,1
reliability,1
convincinglarry,1
partner.,1
mueller,1
agree,1
born.[12]spacex,1
warehouse,1
inel,1
"segundo,",1
160,1
employees.[13]musk,1
interview,1
far,1
pageto,1
mueller(later,1
agoogleemployee,1
fromsan,1
franciscotolos,1
angelesso,1
employee's,1
"spouse,",1
potential,1
"hire,",1
job.[14]musk,1
goals,1
improve,1
"propulsion),",1
engineertom,1
try,1
"integration,[10]using",1
cheap,1
fromrussiabut,1
empty-handed,1
fail,1
find,1
price.[10][11]on,1
home,1
realize,1
start,1
needed.[11]by,1
applyingvertical,1
cheapcommercial,1
staff,1
off-the-shelfcomponents,1
"possible,[11]and",1
adopt,1
modular,1
approach,1
modern,1
software,1
"engineering,",1
believe,1
significantly,1
price.[11]in,1
engine.,1
architecture,1
actually,1
3rd,1
aboard.,1
once,1
"certification,",1
require,1
"two,",1
"six,",1
station.[196]spacex,1
apad,1
2015.[197]in,1
nasa.[198]in,1
ocean.[199]in,1
anin-flight,1
simulate,1
-,1
demo-2mission,1
astronautsbob,1
behnkenanddoug,1
"hurley,",1
theiss.[201]thecrew-1mission,1
stationon,1
withnasaastronautsmichael,1
"hopkins,victor",1
gloverandshannon,1
walkeralong,1
withjaxaastronautsoichi,1
us$2.6,1
iss.[196]spacex,1
boeing,1
awardees.,1
ocean.[187]crs,1
twice,1
then.,1
twenty,1
iss.[188][186][189]the,1
"mission,spacex",1
"crs-20,",1
depart,1
anddragonwas,1
asecond,1
phaseof,1
upgradeddragon,1
2spacecraft.[195]in,1
2spacecraft.[190][191]in,1
xlspacecraft,1
thelunar,1
heavy.[192]commercial,1
crewmain,1
developmentcrew,1
flightspacex,1
responsible,1
(ccdev),1
"2011,[193][194]followed",1
itsdragon,1
"noguchi,[202]all",1
theexpedition,1
64crew.[203]on,1
2019.[208]in,1
forcespace,1
centerawarded,1
eelv-class,1
missions:deep,1
climate,1
observatory(dscovr),1
andspace,1
2(stp-2).,1
dscovr,1
stp-2,1
heavyon,1
v1.1was,1
variousfalconvehicles.[207]in,1
fornational,1
"launch(nssl),",1
security.[101]this,1
byunited,1
payloads.[209]in,1
2ndgps,1
3satellite,1
us$82.7,1
million.[210]this,1
similar,1
previous,1
defense(dod).,1
sell,1
"2021,crew-2was",1
thestp-2mission,1
astronautsshane,1
kimbroughandk.,1
megan,1
"mcarthur,",1
jaxa,1
astronautakihiko,1
"hoshide,",1
andesaastronautthomas,1
pesquet.[204]thecrew-2mission,1
2021.[205]national,1
defenselaunch,1
2019in,1
announcement,1
anindefinite,1
delivery/indefinite,1
quantity(idiq),1
forceto,1
company.[206]in,1
"2008,nasaannounced",1
idiq,1
"billion,",1
depend,1
awarded.,1
2012.[207]musk,1
pacific,1
splash,1
atmosphereand,1
"(2,800",1
2014.[176]spacex,1
grind,1
latter,1
half,1
"2015,[177]with",1
firstsuborbitallaunches,1
2019.[158]satellite,1
facilityfurther,1
information:starlinkin,1
business.,1
"30,000",1
washington.,1
2014.[174][175]thefederal,1
redmond,1
"40,625",1
"(3,774.2",1
laboratory,1
satellites.[178]in,1
(740,1
creative,1
"inirvine,",1
california(orange,1
county),1
communications.[179][180]contractsfurther,1
administration(faa),1
texasin,1
launches:falcon,1
forlaunch,1
lease,1
polar,1
"heavy,[169]but",1
cannot,1
neighbor,1
slc-4w,1
convert,1
"boosters,",1
2018.[170]kennedy,1
centeron,1
20-year,1
39a.[171]the,1
2021.[173]spacex,1
pad,1
supportfalcon,1
heavylaunches.,1
itsfirst,1
missionto,1
39a,1
2020.[172]boca,1
texasthe,1
assembly,1
building.main,1
sitespacex,1
information,1
§,1
beforere-entering,1
2in,1
agreementshave,1
show,1
millions,1
dollars,1
"costs,",1
~4–10,1
cheaper,1
alone.[183]in,1
"1mission,",1
spacecraft.[184]dragon,1
duringspacex,1
aprivate,1
us$500,1
spacecraft.[185]commercial,1
cargomain,1
articles:commercial,1
servicesandgateway,1
services(crs),1
spacecraft.,1
us$1.6,1
deliveries,1
2016.[186]spacex,1
"crs-1,",1
"days,",1
vehicle.[182]thesespace,1
self-invested,1
"manifest,list",1
"alone,",1
andlist,1
flightsspacex,1
actual,1
fromnasafor,1
developed.,1
foru.s.,1
militarylaunches,1
ofevolved,1
vehicle-class,1
(eelv),1
payloads.,1
contract.[64]nasacotsmain,1
us$396,1
servicesthe,1
bycanadarm2.in,1
nasacommercial,1
demonstrate,1
"station(iss),",1
possible,1
transport.[181]through,1
"""seed",1
"money""",1
"capabilities,",1
pay,1
missions.[211]spacex,1
2020.[212]in,1
2013.vandenberg,1
us$290,1
shotwellpresident,1
spacex[230]2009[229]luke,1
"nosekco-founder,",1
paypal[231]2009[229]steve,1
"jurvetsonco-founder,",1
venture,1
fund[232]2010[233]antonio,1
graciasceo,1
investment,1
valor,1
partners[234]2015[235]donald,1
harrisonpresident,1
partnerships,1
corporate,1
"development,",1
google[236]see,1
alsoblue,1
originhuman,1
marslist,1
spacecraftspace,1
colonizationvirgin,1
galacticreferences^.mw-parser-output,1
cite.citation{font-style:inherit}.mw-parser-output,1
"q{quotes:""\""""""\""""""'""""'""}.mw-parser-output",1
.id-lock-free,1
tesla[228]2009[229]gwynne,1
"member,",1
muskboard,1
"market,",1
"numbers,",1
us$390,1
agency,1
us$4,1
"processes,",1
more.[183]in,1
administratorjim,1
bridenstineremarked,1
thank,1
investments,1
70%,1
improvement,1
ofsolarcity[226]2002[227]kimbal,1
country.[224]board,1
directorsspacexboard,1
directorsas,1
2021[225]joined,1
boardnametitles2002[226]elon,1
"muskfounder,",1
"chairman,",1
spacex;,1
"ceo,product",1
"architect,",1
oftesla;,1
.cs1-lock-free,1
"a{background:linear-gradient(transparent,transparent),url(""//upload.wikimedia.org/wikipedia/commons/6/65/lock-green.svg"")right",1
.id-lock-limited,1
"may2020.^""gwynne",1
"corp)"".",1
secretary,1
state.archivedfrom,1
"may2018.^""who",1
big?,1
business|,1
economy,1
german,1
perspective,1
dw,1
"27.05.2020"".archivedfrom",1
shotwell:,1
search,1
profile,1
"biography"".",1
"revenue,",1
$2,1
"year,",1
jefferies,1
"estimates"".",1
cnbc.com.,1
may2019.^fred,1
lambert,1
stake,1
(c2414622,1
".mw-selflink{font-weight:inherit}""california",1
.id-lock-registration,1
span{border-bottom:1px,1
.cs1-lock-limited,1
.cs1-lock-registration,1
"a{background:linear-gradient(transparent,transparent),url(""//upload.wikimedia.org/wikipedia/commons/d/d6/lock-gray-alt-2.svg"")right",1
.id-lock-subscription,1
.cs1-lock-subscription,1
"a{background:linear-gradient(transparent,transparent),url(""//upload.wikimedia.org/wikipedia/commons/a/aa/lock-red-alt-2.svg"")right",1
".cs1-subscription,.mw-parser-output",1
.cs1-registration{color:#555}.mw-parser-output,1
.cs1-subscription,1
"span,.mw-parser-output",1
.cs1-registration,1
dotted;cursor:help}.mw-parser-output,1
.cs1-kern-wl-right{padding-right:0.2em}.mw-parser-output,1
.cs1-ws-icon,1
"a{background:linear-gradient(transparent,transparent),url(""//upload.wikimedia.org/wikipedia/commons/4/4c/wikisource-logo.svg"")right",1
center/12px,1
code.cs1-code{color:inherit;background:inherit;border:none;padding:inherit}.mw-parser-output,1
.cs1-hidden-error{display:none;font-size:100%}.mw-parser-output,1
.cs1-visible-error{font-size:100%}.mw-parser-output,1
.cs1-maint{display:none;color:#33aa33;margin-left:0.3em}.mw-parser-output,1
.cs1-format{font-size:95%}.mw-parser-output,1
".cs1-kern-left,.mw-parser-output",1
.cs1-kern-wl-left{padding-left:0.2em}.mw-parser-output,1
".cs1-kern-right,.mw-parser-output",1
independently,1
accord,1
substantially,1
jude,1
floridakennedy,1
center'slaunch,1
39aatop,1
dragoncapsuleintolow,1
theresiliencesplashed,1
ocean.,1
spaceflightwith,1
citizens,1
charitable,1
effort,1
ofst.,1
children's,1
isaacman.,1
"hospitalinmemphis,",1
tennessee.,1
585,1
(364,1
"mi),",1
sincests-103in,1
1999,1
fifth-highest,1
human,1
overall.,1
receive,1
dragonresilienceon,1
paymentsceojared,1
"mechanics,",1
forceawarded,1
iii,1
satellites.[213]in,1
u.s.national,1
reconnaissance,1
office(nro),1
2017.[214]in,1
us$297,1
slat,1
fy,1
2021.[215]on,1
theu.s.,1
(nssl),1
ofshift4,1
5–7,1
years.,1
us$316,1
launch.,1
handle,1
military's,1
requirements,1
period.[216]space,1
tourisminspiration4was,1
ahuman,1
spaceflightmission,1
lessons,1
microgravity,1
"industry""",1
spy,1
agency(esa),1
5and,1
futureariane,1
6rockets,1
spacex.[220]in,1
book,1
russianprotonrocket.[43]spacex,1
anticipate,1
slump,1
"domestic,",1
"military,",1
unless,1
operators,1
orders.[221]to,1
"end,",1
process,1
half.[222][223]congressional,1
testimony,1
nasaspace,1
agreementprocess,1
"""setting",1
high-level,1
requirement,1
[while],1
theeuropean,1
industry.[219]european,1
"environment,",1
"orbit(gto),",1
stress,1
emergency-preparedness,1
simulations.[217]launch,1
pressuremain,1
article:space,1
competitionspacex's,1
"prices,",1
especially,1
forcommunication,1
satellitesflying,1
togeostationary,1
pressure,1
cheapest,1
competitors,1
prices.[10]prior,1
"2013,",1
comsat,1
byarianespace(flying,1
5),1
andinternational,1
services(flying,1
theproton).[218]with,1
publish,1
us$56.5,1
4(slc-4e),1
"ofcassiope,",1
"aturbopump,",1
communicate,1
sea,1
second-generation,1
vehicle:,1
"system,",1
consist,1
purchasedtwo,1
deepwater,1
rigsand,1
refit,1
launches.[126]starshipmain,1
"infrastructure,spacex",1
andstarship,1
historyspacex,1
sn9,1
prototype.spacex,1
super-heavy,1
asstarship.,1
comprise,1
call,1
supersede,1
hardware,1
2020s.[127][128]spacex,1
initially,1
envision,1
12-meter-diameter,1
2020s,1
platforms.,1
introducefloating,1
position,1
inside,1
outside,1
vessel,1
"remotely,",1
present.[122][123]autonomous,1
shipsmain,1
"program,falcon",1
"tests,",1
andautonomous,1
shipanautonomous,1
shipin,1
crs-6.spacex,1
ships(asds).[125]spacex,1
routinely,1
stageof,1
predetermine,1
propulsion,1
systems.[124]when,1
propellent,1
margins,1
"(rtls),",1
platform,1
"ocean,",1
calledautonomous,1
concept,1
solely,1
transit,1
satellites.[136]initial,1
satellitesin,1
profitability,1
cash,1
"flow,",1
buildits,1
colony.[134]development,1
prototypetest-flightsatellites,1
spacexpaz,1
satellitemission,1
9.[135]by,1
1737,1
2020.[137]in,1
deployment.starlink,1
file,1
thefederal,1
commissionplans,1
"7,518v-bandsatellites",1
non-geosynchronous,1
orbitsto,1
services.[138]in,1
sibling,1
"company,spacex",1
"services,",1
license,1
cross-linkedcommunications,1
together,1
uses.,1
ofcarbon,1
articulate,1
smaller,1
9-meter-diameter,1
replace,1
"earth-orbit,",1
"lunar-orbit,",1
"potentially,",1
intercontinental,1
markedly,1
structure.[129]in,1
stainless,1
"fiberconstruction,",1
stack,1
performance,1
drastically,1
passengeryusaku,1
maezawahas,1
tofly,1
moonin,1
2023.[130]the,1
vision,1
humancolonization,1
mars.[131][132][133]starlinkmain,1
article:starlink60,1
months,1
twelve,1
stay,1
kn,1
liquid-propellant,1
"that,",1
"draco,",1
usesmonomethyl,1
hydrazineandnitrogen,1
tetroxidepropellants.,1
eight,1
providelaunch,1
capabilityfor,1
scenario.,1
73,1
"(16,000",1
2spacecraft.[107]superdracois,1
thrust.,1
retropropulsive,1
"however,",1
scrap,1
parachute,1
descent,1
andsplashdownat,1
sea.[113]first,1
subscaleraptordevelopment,1
"mcgregor,",1
texas.raptor,1
hypergolic,1
thedragonanddragon,1
oxygen,1
kestrel's,1
isfed,1
tank,1
pressure.,1
isablatively,1
cooledin,1
chamber,1
"throat,",1
isradiatively,1
cooledon,1
exhaust,1
nozzle.,1
nozzle,1
thrust.[112]they,1
fabricate,1
strengthniobiumalloy.[106][111]draco,1
ahypergolicliquid-propellant,1
utilizesmonomethyl,1
hydrazinefuelandnitrogen,1
tetroxideoxidizer.,1
thruster,1
generate,1
400,1
n,1
(90,1
liquid,1
liquidmethane-fueledfull-flow,1
gateway.,1
plannedlunar,1
2020.[118][75]dragon,1
orbit.[119]on,1
flewthe,1
variant,1
2to,1
flight.,1
renew,1
nasa.[120]on,1
pressurize,1
unpressurized,1
experiment,1
agateway,1
bya,1
services(gls),1
contract.[121]nasa,1
sample,1
collection,1
"materials,",1
spacesuits,1
surface,1
themoon.,1
heavyand,1
"5,000",1
"(11,000",1
flightof,1
without,1
cycleengines,1
2021.[117]dragon,1
in-developmentstarshiplaunch,1
system.[105]development,1
versions,1
test-fired,1
2016.[114]on,1
"itsstarhoppervehicle,",1
tether,1
ground.[115]in,1
thestarhoppervehicle,1
(66,1
ft).[116]spacex,1
spacecraftmain,1
conductedits,1
dragonanddragon,1
2the,1
spacex'screw,1
"dragonspacecraft,",1
developmentprogram.spacex,1
station.,1
thefirst,1
version,1
2010.[31]the,1
generation,1
asdragon,1
"1,000,000fixedsatellite",1
system.[139]thefederal,1
atvandenberg,1
commission(fcc),1
low-altitudevtvlflight,1
9grasshopperv1.0,1
andf9r,1
dev1test,1
2013–2014,1
mcgregor.,1
"sitenearbrownsville,",1
texas.[158]the,1
frombeal,1
"aerospace,",1
stand,1
forfalcon,1
9engine,1
testing.,1
improvements,1
acreage,1
piece,1
farmland.,1
half-acre,1
concrete,1
grasshopper,1
program.[160]as,1
"2012[update],",1
"""18",1
hours,1
"stands,",1
onrocket,1
2012spacex,1
ofvertical,1
"base,lockheed",1
"martin,bae",1
"systems,northrop",1
"grumman,",1
"andaecom,",1
"etc.,",1
pool,1
engineer,1
college,1
graduates.[157]spacex,1
degree,1
integrationin,1
"bunker,",1
engines.[10]spacex,1
itsrocket,1
"engines,rocket",1
"stages,spacecraft,",1
principalavionicsand,1
allsoftwarein-house,1
unusual,1
"nevertheless,",1
"3,000",1
weekly.[159]development,1
facilityspacex,1
"day,",1
days,1
"week""[161]and",1
spacex.[167]the,1
theronald,1
reagan,1
ballistic,1
defense,1
siteonomelek,1
island.[166]cape,1
stationin,1
2007,1
usaf,1
ofcape,1
40(slc-40),1
mainly,1
allfalcon,1
geostationary,1
slc-40,1
formerlaunch,1
13at,1
"canaveral,",1
renamedlanding,1
designate,1
9first-stage,1
landings.[168]vandenberg,1
basespacex,1
coast,1
1launches,1
"retired,",1
next,1
threeorbitallaunch,1
years.[162]in,1
routine,1
(following,1
"mission),",1
"de-fueling,",1
"cleanup,",1
missions.[163]launch,1
side,1
boosters,1
onlz1and,1
lz2.spacex,1
atcape,1
(28.5–51.6°).[165]before,1
"station,vandenberg",1
andkennedy,1
"center,",1
see,1
niche,1
sufficient,1
pad.[164]the,1
highly,1
incline,1
"(66–145°),",1
medium,1
centeratlos,1
force'sspace,1
"laboratory,united",1
pod,1
krypton-fueledhall,1
thrusterswhich,1
tode-orbitat,1
life.,1
avoid,1
collisions,1
uplinked,1
track,1
data.[149]other,1
projectsmain,1
article:hyperloop,1
competitionin,1
orbit.[147][148]however,1
sponsor,1
"ahyperloopcompetition,",1
1.6,1
(0.99,1
mi),1
longsubscaletest,1
competitive,1
events.[150][151]the,1
annual,1
competitions,1
2017.[152][153]in,1
equip,1
thousands,1
doctor,1
"pollution,[142][143][144]with",1
us$900,1
network.,1
35,1
states.[140]on,1
collaborated[141]to,1
customers.controversiesthe,1
ofstarlinksatellites,1
criticize,1
astronomers,1
concern,1
overlight,1
optical,1
debriscollisionsresulting,1
wavelengths,1
interfere,1
scientific,1
observations.[145]in,1
"response,",1
implement,1
operation.[146]the,1
employ,1
create,1
dangers,1
ofspace,1
collaboration,1
academic,1
nasa'sjet,1
"and,",1
2014.spacex,1
thelos,1
angelessuburb,1
"ofhawthorne,",1
three-story,1
bynorthrop,1
corporationto,1
buildboeing,1
"747fuselages,[157]houses",1
"space,",1
"control,",1
facilities.[158]the,1
"ofdelaware.[156]headquarters,",1
area,1
concentrations,1
"headquarters,",1
"facilities,",1
and/or,1
subsidiaries,1
"u.s.,",1
includingboeing/mcdonnell,1
douglasmain,1
"campuses,aerospace",1
"corp.,raytheon,",1
v1.1rocket,1
incorporate,1
"researchers,",1
level,1
participate,1
acovid-19antibody-testing,1
4300,1
volunteer,1
blood-samples,1
apeer-reviewedscientific,1
paper,1
credit,1
coauthors,1
suggest,1
certain,1
antibodies,1
d.c.[64]spacex,1
last,1
protection,1
virus.[154][155]facilitiesthe,1
california.spacex,1
"isheadquarteredinhawthorne,",1
serve,1
plant.,1
development.,1
regional,1
offices,1
"virginia,",1
"company""}(rlq=window.rlq||[]).push(function(){mw.config.set({""wgbackendresponsetime"":130,""wghostname"":""mw1415""});});",1
